Date,price,open,high,low,change_pct
12/31/2022,16537.4,16607.2,16635.9,16487.3,-0.0042
12/30/2022,16607.2,16636.4,16644.4,16360,-0.0018
12/29/2022,16636.4,16546.2,16659.1,16496.6,0.0055
12/28/2022,16546.2,16705.9,16781.1,16474.2,-0.0096
12/27/2022,16706.1,16918.2,16964,16610.1,-0.0125
12/26/2022,16918.1,16831.8,16936.1,16799.4,0.0051
12/25/2022,16831.8,16835.7,16852.9,16733,-0.0003
12/24/2022,16837.2,16778.6,16855.8,16777.8,0.0035
12/23/2022,16779.1,16820.5,16910.7,16768,-0.0025
12/22/2022,16820.6,16831.8,16862.2,16566.1,-0.0007
12/21/2022,16831.8,16902.7,16919.4,16735,-0.0042
12/20/2022,16902.8,16441.3,17031.3,16400.7,0.0281
12/19/2022,16441.3,16741.1,16809.5,16331.2,-0.0179
12/18/2022,16741.1,16777,16825.7,16666.5,-0.0021
12/17/2022,16777.1,16629,16794.4,16587,0.0089
12/16/2022,16629.6,17356.7,17518.5,16542.4,-0.0419
12/15/2022,17356.1,17796.4,17846.1,17298.2,-0.0247
12/14/2022,17796.4,17778.6,18351.8,17682.1,0.001
12/13/2022,17778.6,17210.9,17951.6,17094.5,0.033
12/12/2022,17210.4,17093.2,17232.5,16878.5,0.0068
12/11/2022,17093.3,17127,17262.9,17080.6,-0.002
12/10/2022,17127.2,17125.7,17220.5,17105.7,0.0001
12/9/2022,17125.7,17225.6,17288.6,17082.1,-0.0058
12/8/2022,17225.7,16835.2,17294.2,16765.8,0.0232
12/7/2022,16835.2,17089.4,17126.7,16715.3,-0.0149
12/6/2022,17089.3,16966.3,17101.1,16914.9,0.0072
12/5/2022,16966.5,17106.9,17395.2,16886.9,-0.0085
12/4/2022,17112.6,16884.8,17198.1,16881.6,0.0135
12/3/2022,16884.5,17093.4,17132.6,16862.1,-0.0122
12/2/2022,17093.6,16972.2,17096.2,16799.9,0.0072
12/1/2022,16972,17163.4,17244.7,16868.9,-0.0112
11/30/2022,17163.9,16440.8,17215.5,16433.2,0.044
11/29/2022,16440.4,16211.9,16531.4,16100.1,0.0141
11/28/2022,16211.7,16426.1,16481.4,16013.5,-0.013
11/27/2022,16425.6,16456.4,16595.4,16414.6,-0.0019
11/26/2022,16456.5,16512.3,16686.3,16387.9,-0.0034
11/25/2022,16512.3,16600.6,16611.8,16360.9,-0.0054
11/24/2022,16601.2,16604.9,16785.6,16472,-0.0014
11/23/2022,16623.9,16216.9,16677.6,16162.3,0.0253
11/22/2022,16212.9,15776.6,16274.6,15620.4,0.0277
11/21/2022,15776.2,16278.6,16287.9,15504.2,-0.0313
11/20/2022,16286.7,16699.3,16749.3,16209.2,-0.0247
11/19/2022,16699.2,16652.2,16814.9,16608.9,0.0037
11/18/2022,16638.3,16715.4,16846.3,16553,-0.0032
11/17/2022,16691.2,16540.5,16739.7,16425.8,0.0091
11/16/2022,16540.5,16895.4,16993.4,16408.2,-0.021
11/15/2022,16895.1,16615,17112,16543.9,0.0169
11/14/2022,16613.7,16325,17158.4,15834,0.0177
11/13/2022,16324.5,16803.9,16946.5,16274.9,-0.028
11/12/2022,16795.2,17049.9,17100.8,16633.9,-0.0149
11/11/2022,17049.9,17589.1,17679.4,16435.5,-0.0307
11/10/2022,17589.1,15887,18138.2,15799.3,0.1071
11/9/2022,15886.9,18538.9,18583.8,15603.3,-0.1425
11/8/2022,18527.4,20589,20667.5,17260,-0.1001
11/7/2022,20589,20916.3,21055.4,20410.5,-0.0156
11/6/2022,20916.3,21298.7,21360.4,20901,-0.0181
11/5/2022,21301.6,21145.7,21464.7,21084.1,0.0074
11/4/2022,21145.9,20206.4,21281.9,20184.6,0.0465
11/3/2022,20206.4,20154,20384.5,20066.6,0.0026
11/2/2022,20154.4,20482.9,20778.3,20065.8,-0.0161
11/1/2022,20483.5,20496.1,20676.6,20348.1,-0.0006
10/31/2022,20496.3,20626,20822.4,20260,-0.0063
10/30/2022,20626.3,20809.4,20922.3,20522.5,-0.0088
10/29/2022,20809.8,20594.2,21038.1,20561.9,0.0105
10/28/2022,20594.4,20293,20744,20058.2,0.0149
10/27/2022,20292.9,20769.5,20867.9,20231.6,-0.0229
10/26/2022,20769.5,20086.8,20981.5,20062.9,0.0342
10/25/2022,20082.7,19331.8,20406.9,19249,0.0389
10/24/2022,19331.5,19571.2,19588.6,19177.2,-0.0122
10/23/2022,19571.2,19204.8,19680.9,19092.5,0.0191
10/22/2022,19204.8,19162.6,19249.9,19116.1,0.0022
10/21/2022,19162.6,19042.9,19245.5,18703.3,0.0063
10/20/2022,19042.9,19125.1,19334.5,18935.6,-0.0042
10/19/2022,19123.9,19328.2,19358.6,19101.2,-0.0106
10/18/2022,19328.2,19548.4,19692.9,19102.8,-0.0113
10/17/2022,19548.2,19262.2,19663.5,19163.6,0.0149
10/16/2022,19261.9,19068.8,19411.9,19066,0.0101
10/15/2022,19068.7,19181.7,19218.7,19000.8,-0.0059
10/14/2022,19181.8,19379.8,19933.9,19098.6,-0.0102
10/13/2022,19379.8,19154.6,19494.4,18207.9,0.0117
10/12/2022,19154.8,19058.5,19212.6,19010.6,0.005
10/11/2022,19059.1,19134.3,19261.3,18868.7,-0.0039
10/10/2022,19134.6,19441.7,19520.7,19057,-0.0158
10/9/2022,19441,19416.3,19552.1,19329.6,0.0013
10/8/2022,19415,19530.2,19612.2,19274.7,-0.006
10/7/2022,19531.3,19962.4,20051.4,19352.1,-0.0213
10/6/2022,19956.7,20157.5,20436.7,19873.7,-0.01
10/5/2022,20157.5,20340.5,20353.8,19761.7,-0.009
10/4/2022,20340.2,19629.7,20436.1,19506.4,0.0363
10/3/2022,19628.3,19057.6,19676,19001.3,0.0302
10/2/2022,19052.2,19311.9,19389.9,18937.3,-0.0134
10/1/2022,19311.9,19422.9,19480.3,19172.6,-0.0057
9/30/2022,19423,19593.4,20174.9,19208.9,-0.0087
9/29/2022,19593,19420.2,19631.5,18877.9,0.0094
9/28/2022,19411,19083.4,19757.8,18505.3,0.0173
9/27/2022,19081,19228.8,20361.2,18850.4,-0.0075
9/26/2022,19225.7,18803.1,19304.8,18695.2,0.0225
9/25/2022,18803.2,18925.1,19125.1,18659.6,-0.0064
9/24/2022,18925.2,19288.4,19310.6,18812,-0.0191
9/23/2022,19293.5,19404.1,19477.3,18554.8,-0.0057
9/22/2022,19404,18488.1,19490.9,18371,0.0495
9/21/2022,18489,18875.1,19758.4,18191.8,-0.0203
9/20/2022,18872.4,19538.9,19626.3,18742.6,-0.0341
9/19/2022,19538.9,19417.4,19666.6,18277.8,0.0062
9/18/2022,19418.8,20113.9,20113.9,19347.7,-0.0345
9/17/2022,20113.5,19802.8,20178.6,19761,0.0157
9/16/2022,19802.4,19701.9,19883,19352.9,0.0051
9/15/2022,19701.7,20222.3,20321.4,19532.3,-0.0258
9/14/2022,20222.5,20175.5,20503.7,19654.2,0.0023
9/13/2022,20175.5,22395.3,22702.5,19909.6,-0.0991
9/12/2022,22395.3,21836.6,22465.4,21581.6,0.0257
9/11/2022,21834.9,21650.4,21836.4,21363,0.0085
9/10/2022,21650.4,21363.8,21790.6,21139.9,0.0133
9/9/2022,21365.2,19318.8,21545.7,19294.1,0.106
9/8/2022,19317.4,19281.5,19444.7,19034.5,0.0019
9/7/2022,19281.5,18786.3,19445.9,18548.4,0.0264
9/6/2022,18786.4,19793.4,20169.3,18723.3,-0.0509
9/5/2022,19793.1,19999.9,20042.9,19650.7,-0.0103
9/4/2022,19999.9,19832.2,20017.8,19594.7,0.0085
9/3/2022,19831.4,19952.8,20043.8,19660.7,-0.0061
9/2/2022,19952.7,20131.6,20428.2,19764.7,-0.0086
9/1/2022,20126.1,20049.9,20202.7,19584.4,0.0041
8/31/2022,20043.9,19793.4,20469.1,19793.4,0.0127
8/30/2022,19792.6,20295.6,20558.2,19559.7,-0.0248
8/29/2022,20295.8,19551.3,20394.5,19551.2,0.0381
8/28/2022,19550.2,20034.2,20150.8,19542.9,-0.0241
8/27/2022,20033.9,20249.9,20343.6,19849.8,-0.0107
8/26/2022,20249.9,21564.2,21815.3,20122.4,-0.061
8/25/2022,21565.4,21365.4,21801.2,21324.8,0.0094
8/24/2022,21365.2,21516.2,21832.3,21171.1,-0.0071
8/23/2022,21517.2,21416.5,21661,20919.6,0.0047
8/22/2022,21416.3,21516.8,21517.4,20912.1,-0.0047
8/21/2022,21517.2,21138.9,21692.4,21077.4,0.0179
8/20/2022,21138.9,20830.7,21357.4,20784.8,0.0148
8/19/2022,20831.3,23201.6,23202.3,20807.8,-0.1022
8/18/2022,23203.6,23337.7,23578,23131.3,-0.0058
8/17/2022,23338,23855.8,24423.5,23191.6,-0.0217
8/16/2022,23856.8,24102.6,24240.8,23693.8,-0.0102
8/15/2022,24101.7,24303.3,25205.7,23784.5,-0.0083
8/14/2022,24302.8,24442.1,24997.3,24172.2,-0.0057
8/13/2022,24442.5,24398.9,24882.9,24318.7,0.0018
8/12/2022,24398.7,23935.3,24440.8,23616.4,0.0194
8/11/2022,23935.3,23963.3,24873.5,23864,-0.0012
8/10/2022,23962.9,23150.3,24209.9,22714.7,0.0353
8/9/2022,23146.7,23818.1,23912,22886.5,-0.0281
8/8/2022,23816.3,23175.3,24234.1,23160.6,0.0277
8/7/2022,23175.3,22944.2,23387.7,22852.3,0.0101
8/6/2022,22944.2,23308.2,23344.4,22923.6,-0.0156
8/5/2022,23308.2,22613.3,23447.6,22593.5,0.0308
8/4/2022,22612.1,22822.2,23214.5,22438.7,-0.0091
8/3/2022,22820.8,22988.7,23623.7,22698.6,-0.0073
8/2/2022,22988.6,23271.1,23423.3,22670.8,-0.0121
8/1/2022,23271.2,23303.4,23484.4,22863.8,-0.0014
7/31/2022,23303.4,23634.2,24179.3,23236.2,-0.014
7/30/2022,23634.2,23774.2,24605.3,23521.8,-0.0059
7/29/2022,23774.3,23850.2,24340,23451.4,-0.0032
7/28/2022,23850,22957.7,24190.5,22611.6,0.0388
7/27/2022,22958.3,21248,23027.8,21047.5,0.0805
7/26/2022,21248.7,21301.6,21322.3,20737.3,-0.0025
7/25/2022,21301.9,22582.3,22653.3,21275.4,-0.0567
7/24/2022,22582.1,22449.8,22987.9,22281.3,0.0054
7/23/2022,22460.4,22683.6,22991,21971.7,-0.0095
7/22/2022,22675.2,23150,23741.4,22524.2,-0.0206
7/21/2022,23153,23219.9,23403.8,22360.2,-0.0027
7/20/2022,23215.2,23412,24258,22944.4,-0.0083
7/19/2022,23410.2,22529.3,23757.3,21581.8,0.0393
7/18/2022,22525.8,20785.6,22714.9,20770.6,0.0837
7/17/2022,20785.6,21209.8,21654.4,20755.2,-0.02
7/16/2022,21209.9,20825.2,21561.3,20484.4,0.0185
7/15/2022,20825.1,20586.1,21178.1,20393.4,0.0116
7/14/2022,20586,20250,20862.2,19664.9,0.0166
7/13/2022,20250,19331.6,20250.8,18942.2,0.0475
7/12/2022,19330.9,19963.2,20051.7,19279.6,-0.0317
7/11/2022,19963.2,20847.2,20855,19897,-0.0424
7/10/2022,20847.4,21587.4,21599.2,20689.7,-0.0343
7/9/2022,21587.5,21610.4,21944.1,21338.4,-0.0011
7/8/2022,21611.2,21637.1,22482.1,21207,-0.0012
7/7/2022,21637.8,20557.9,21817.8,20282.7,0.0524
7/6/2022,20561.1,20180.4,20654.9,19785.3,0.0178
7/5/2022,20200.6,20215.8,20706.9,19315.4,-0.0008
7/4/2022,20215.8,19310.6,20303.8,19052.5,0.0469
7/3/2022,19309.9,19243.4,19626.4,18794.4,0.0035
7/2/2022,19243.2,19275.4,19425.4,19006.4,-0.001
7/1/2022,19262.9,19926.6,20785.6,18980.1,-0.0333
6/30/2022,19926.6,20111.3,20155.1,18682.7,-0.0092
6/29/2022,20111.3,20278,20415.8,19880.7,-0.0082
6/28/2022,20278,20727.9,21200.2,20210.5,-0.0218
6/27/2022,20730.2,21037.7,21497.5,20568,-0.0149
6/26/2022,21043.5,21489.9,21837.4,20989.7,-0.0208
6/25/2022,21489.9,21226.9,21553.4,20917.5,0.0124
6/24/2022,21226.9,21100.9,21488.7,20743.9,0.006
6/23/2022,21100.7,19967.3,21189.8,19907.5,0.0568
6/22/2022,19965.8,20720.2,20864.3,19780.2,-0.0364
6/21/2022,20720.4,20571.6,21689.3,20371.7,0.0072
6/20/2022,20572.3,20576.9,20996.8,19658.8,-0.0002
6/19/2022,20577.2,18983.4,20763.5,17983.7,0.0838
6/18/2022,18986.5,20446.4,20744.7,17630.5,-0.0713
6/17/2022,20444.6,20391.3,21315.4,20244.1,0.0028
6/16/2022,20386.6,22577.9,22942.1,20231.1,-0.0971
6/15/2022,22577.9,22137.5,22754.4,20125.8,0.019
6/14/2022,22157.3,22449.1,23200.3,20860.9,-0.0129
6/13/2022,22448,26606.3,26857.6,22006.3,-0.1563
6/12/2022,26606.3,28404,28534.8,26606.3,-0.0633
6/11/2022,28403.4,29083.3,29426.6,28161.8,-0.0234
6/10/2022,29083.3,30097.4,30325.6,28884.9,-0.0337
6/9/2022,30097.8,30202.1,30691.4,29953.8,-0.0034
6/8/2022,30201.6,31127.2,31312.1,29874.8,-0.0298
6/7/2022,31128.8,31370.3,31556.6,29235,-0.0076
6/6/2022,31367.6,29911.2,31753.4,29888.6,0.0486
6/5/2022,29913,29865.1,30166.9,29539,0.0016
6/4/2022,29864.3,29700.9,29963.8,29489.5,0.0055
6/3/2022,29700.9,30455.7,30674.8,29330.8,-0.0248
6/2/2022,30455.5,29798.6,30638.5,29604.4,0.022
6/1/2022,29798.5,31793.1,31969.9,29396.6,-0.0627
5/31/2022,31793.4,31730.2,32377.5,31221.2,0.0022
5/30/2022,31723.3,29465.2,32185.6,29307.2,0.0766
5/29/2022,29465.2,29027.1,29556.5,28838.7,0.0151
5/28/2022,29027.1,28620.1,29194.4,28537.2,0.0149
5/27/2022,28601.2,29194,29377.1,28282.2,-0.0206
5/26/2022,29203.5,29537.9,29868.9,28077.9,-0.0114
5/25/2022,29540.6,29648.7,30202.3,29353.5,-0.0036
5/24/2022,29648.7,29091.6,29810.8,28706.1,0.0191
5/23/2022,29093.3,30287.3,30644.8,28913.6,-0.0394
5/22/2022,30286.6,29433,30462,29260.1,0.0289
5/21/2022,29434.6,29188.7,29623.2,28953.9,0.0088
5/20/2022,29178.6,30305.9,30735.1,28738.5,-0.0372
5/19/2022,30305.9,28700.4,30525.1,28682.1,0.0566
5/18/2022,28683.7,30437.5,30687.9,28648.1,-0.0576
5/17/2022,30437.5,29856.7,30720.1,29484.5,0.0197
5/16/2022,29849,31308.3,31312.4,29135.8,-0.0466
5/15/2022,31308.7,30078.6,31383.8,29499.4,0.0408
5/14/2022,30080.4,29285.2,30277.4,28666.7,0.0272
5/13/2022,29284.4,28994.3,31002.7,28755,0.0106
5/12/2022,28976,29073.4,30136.7,26500.5,-0.0032
5/11/2022,29068.2,31008,32113.6,27835.5,-0.0625
5/10/2022,31007.5,30098.2,32621.2,29831,0.0303
5/9/2022,30095,34041,34227,30095,-0.1164
5/8/2022,34060,35468,35497,33727,-0.0397
5/7/2022,35468,36003,36119,34773,-0.015
5/6/2022,36009,36540,36646,35267,-0.0146
5/5/2022,36544,39686,39833,36183,-0.0792
5/4/2022,39688,37717,40021,37660,0.0522
5/3/2022,37718,38515,38647,37513,-0.0207
5/2/2022,38514,38472,39134,38061,0.0014
5/1/2022,38461,37642,38676,37397,0.0215
4/30/2022,37650,38590,38776,37596,-0.0241
4/29/2022,38581,39748,39919,38175,-0.0294
4/28/2022,39748,39243,40382,38888,0.0129
4/27/2022,39243,38113,39447,37869,0.0296
4/26/2022,38113,40443,40770,37708,-0.0572
4/25/2022,40427,39464,40599,38233,0.0244
4/24/2022,39464,39434,39929,39033,0.0012
4/23/2022,39418,39709,39973,39291,-0.0073
4/22/2022,39709,40487,40792,39200,-0.0191
4/21/2022,40482,41370,42969,39793,-0.0214
4/20/2022,41368,41499,42203,40915,-0.0033
4/19/2022,41503,40809,41746,40585,0.0172
4/18/2022,40803,39700,41095,38577,0.0277
4/17/2022,39703,40382,40599,39561,-0.0168
4/16/2022,40382,40571,40691,40003,-0.0044
4/15/2022,40560,39936,40850,39781,0.0156
4/14/2022,39936,41133,41494,39585,-0.0291
4/13/2022,41133,40072,41515,39581,0.0263
4/12/2022,40078,39507,40678,39265,0.0147
4/11/2022,39497,42144,42418,39202,-0.0627
4/10/2022,42138,42760,43421,41884,-0.0147
4/9/2022,42767,42275,42809,42129,0.0116
4/8/2022,42275,43450,43979,42113,-0.027
4/7/2022,43448,43166,43893,42747,0.0064
4/6/2022,43173,45494,45519,43122,-0.0513
4/5/2022,45506,46614,47201,45388,-0.0241
4/4/2022,46629,46407,46899,45152,0.0048
4/3/2022,46407,45813,47435,45554,0.013
4/2/2022,45811,46299,47212,45641,-0.0105
4/1/2022,46297,45529,46728,44261,0.017
3/31/2022,45525,47071,47624,45228,-0.0329
3/30/2022,47075,47449,47714,46601,-0.0079
3/29/2022,47449,47126,48127,47029,0.0073
3/28/2022,47105,46859,48199,46672,0.0052
3/27/2022,46859,44542,46947,44445,0.0519
3/26/2022,44548,44331,44818,44090,0.0049
3/25/2022,44331,44013,45112,43622,0.0072
3/24/2022,44013,42911,44251,42658,0.0257
3/23/2022,42912,42373,43027,41795,0.0127
3/22/2022,42373,41022,43327.9,40893,0.0329
3/21/2022,41022,41282,41532,40530,-0.0062
3/20/2022,41276,42241,42301,40922,-0.0227
3/19/2022,42233,41768,42386,41529.6,0.0111
3/18/2022,41767.8,40914.6,42308.4,40234.8,0.0208
3/17/2022,40914.8,41118.7,41406,40557.8,-0.005
3/16/2022,41118.7,39282.5,41701.6,38953.2,0.0467
3/15/2022,39285.7,39673,39854.7,38220.9,-0.0097
3/14/2022,39671.1,37789.5,39914.3,37613.6,0.0497
3/13/2022,37792.4,38813.2,39272.3,37603.4,-0.0263
3/12/2022,38814.3,38730.2,39355.3,38666.5,0.0022
3/11/2022,38730.2,39422.5,40177,38236.4,-0.0174
3/10/2022,39416.3,41933.9,42029.1,38603.5,-0.0599
3/9/2022,41929,38731.5,42538.5,38663.3,0.0822
3/8/2022,38744.8,38020.6,39351.5,37886.6,0.0189
3/7/2022,38024.8,38420.6,39532,37182.1,-0.0099
3/6/2022,38403.1,39396.3,39668.1,38115,-0.0252
3/5/2022,39395.8,39142.8,39600.2,38626.1,0.0065
3/4/2022,39142.7,42463,42848.7,38594.9,-0.0782
3/3/2022,42463,43912.8,44077.2,41840.8,-0.033
3/2/2022,43912.8,44420.3,45294.2,43361.3,-0.0114
3/1/2022,44420.3,43187.2,44900.5,42876.6,0.0285
2/28/2022,43188.2,37707.2,43977.8,37458.9,0.1459
2/27/2022,37689.1,39116.6,39838.5,37062.3,-0.0365
2/26/2022,39115.5,39221.6,40094.5,38639.1,-0.0024
2/25/2022,39209.6,38339.2,39683.7,38042.6,0.0227
2/24/2022,38339.2,37250.2,39351.6,34357.4,0.0299
2/23/2022,37224.6,38248.2,39194.5,37099.5,-0.0268
2/22/2022,38248.2,37018.3,38414.9,36399.6,0.0332
2/21/2022,37017.7,38355,39444.1,36868.9,-0.0349
2/20/2022,38355,40089.6,40120.3,38042.2,-0.0433
2/19/2022,40090.3,40000.1,40434.3,39666.6,0.0023
2/18/2022,40000.1,40532.5,40935.5,39505,-0.0136
2/17/2022,40552.8,43885.5,44167.1,40103.8,-0.0759
2/16/2022,43883.6,44540.9,44552.9,43377.6,-0.0148
2/15/2022,44544.4,42550.3,44722.6,42460.1,0.0469
2/14/2022,42550.3,42061.1,42799.7,41591.3,0.0116
2/13/2022,42061.1,42205.5,42725.1,41880.1,-0.0034
2/12/2022,42205.2,42388.4,43006.4,41776.8,-0.0043
2/11/2022,42388.4,43519.3,43915.1,42023.4,-0.026
2/10/2022,43521,44388.9,45755.2,43242.5,-0.0196
2/9/2022,44388.9,44038.2,44800.4,43163,0.008
2/8/2022,44038.2,43833.9,45399.8,42705,0.0047
2/7/2022,43833.9,42385.2,44468.3,41695.4,0.034
2/6/2022,42392.2,41411.9,42614.8,41176.3,0.0237
2/5/2022,41412.1,41566.5,41899.8,40963.3,-0.0037
2/4/2022,41567.6,37287.8,41689,37041.1,0.1148
2/3/2022,37287.8,36890.2,37304.3,36297.3,0.0108
2/2/2022,36890.2,38711.2,38853.8,36682.3,-0.047
2/1/2022,38709.7,38475.6,39230,38037.9,0.0055
1/31/2022,38498.6,37923.8,38701.4,36672.8,0.0153
1/30/2022,37917.7,38167.5,38313.3,37390.6,-0.0066
1/29/2022,38170.8,37736.5,38663.7,37350.2,0.0113
1/28/2022,37745.1,37195.6,37995.9,36176.5,0.0156
1/27/2022,37164.3,36800.1,37215.4,35543.2,0.0099
1/26/2022,36800.4,36962.3,38862.6,36280,-0.0041
1/25/2022,36950.6,36691.3,37501.8,35729.3,0.0072
1/24/2022,36686.3,36268.6,37424,32985.6,0.0115
1/23/2022,36269.5,35072.9,36513,34655.2,0.034
1/22/2022,35075.2,36467.7,36749.8,34116,-0.0384
1/21/2022,36475.5,40698.1,41104.6,35503.9,-0.1041
1/20/2022,40715.9,41683.6,43487.1,40568.3,-0.0231
1/19/2022,41677.8,42365.3,42558,41160.9,-0.0162
1/18/2022,42364.6,42209.9,42674.2,41300.7,0.0037
1/17/2022,42209.3,43080.5,43179.6,41559.4,-0.0202
1/16/2022,43079.1,43079.2,43462,42643.3,-0.0004
1/15/2022,43097,43073.6,43777.9,42586.1,0.0006
1/14/2022,43073.3,42562.2,43435.1,41848.7,0.0121
1/13/2022,42560,43900,44404.7,42337.5,-0.0305
1/12/2022,43901,42735,44243.6,42476.7,0.0273
1/11/2022,42733.2,41829.1,43090.2,41287.6,0.0215
1/10/2022,41832.2,41848.9,42243.8,39697,-0.0004
1/9/2022,41848.3,41681.2,42764.4,41260.9,0.0042
1/8/2022,41672,41551.3,42304.4,40574.3,0.003
1/7/2022,41546.7,43097.9,43127.7,40810,-0.036
1/6/2022,43097.5,43431.6,43772.3,42481.1,-0.0076
1/5/2022,43425.9,45833.1,47019.4,42535.1,-0.0526
1/4/2022,45837.3,46435.7,47505.4,45602.1,-0.0128
1/3/2022,46430.2,47293.9,47556,45704,-0.0186
1/2/2022,47311.8,47738.7,47944.9,46718.2,-0.0089
1/1/2022,47738,46217.5,47917.6,46217.5,0.0329
12/31/2021,46219.5,47123.3,48553.9,45693.6,-0.0192
12/30/2021,47123.3,46470.7,47901.4,46003,0.0142
12/29/2021,46461.7,47548.4,48121.7,46127.8,-0.0228
12/28/2021,47545.2,50703.4,50703.8,47345.7,-0.0618
12/27/2021,50678.2,50783.6,52016.3,50459,-0.002
12/26/2021,50779.9,50404,51247,49527,0.0074
12/25/2021,50406.4,50789.6,51140.2,50196.8,-0.0075
12/24/2021,50786.1,50807.4,51795.3,50428.4,-0.0003
12/23/2021,50801,48599.6,51355.6,48053.4,0.0453
12/22/2021,48599.7,48898.7,49540.3,48449.7,-0.0062
12/21/2021,48902,46900.1,49306.1,46654,0.0428
12/20/2021,46895.2,46703.4,47488.9,45577.3,0.0041
12/19/2021,46704.5,46855.7,48270.2,46438.4,-0.0032
12/18/2021,46856.2,46171.8,47330.2,45513.4,0.0148
12/17/2021,46172.2,47630.4,47997.2,45523.8,-0.0306
12/16/2021,47628.2,48876.6,49387.8,47543.9,-0.0254
12/15/2021,48871.5,48366.2,49477.9,46572.6,0.0104
12/14/2021,48366.5,46709.8,48635,46338.3,0.0356
12/13/2021,46703.6,50075.9,50196.1,45848.2,-0.0674
12/12/2021,50081,49332.5,50779.2,48670.5,0.0155
12/11/2021,49314.5,47138.4,49487,46834,0.0462
12/10/2021,47137.2,47591.7,49974.8,47007.1,-0.0097
12/9/2021,47596.6,50477.6,50790.2,47341.9,-0.057
12/8/2021,50473.9,50596.6,51204.7,48700.7,-0.0024
12/7/2021,50595.2,50547.4,51918.6,50070.9,0.0007
12/6/2021,50562.1,49412.1,50913.3,47237.9,0.0234
12/5/2021,49405.5,49196.4,49689.3,47797.8,0.0043
12/4/2021,49195.2,53620.7,53847.2,42587.8,-0.0827
12/3/2021,53631.5,56495.2,57543.6,52008.9,-0.0507
12/2/2021,56496,57207.8,57377.5,55807.9,-0.0125
12/1/2021,57210.3,56891.7,59064.3,56496.5,0.0058
11/30/2021,56882.9,57795.2,59174.4,55936.9,-0.0158
11/29/2021,57794.8,57288.1,58855.2,56726.7,0.0088
11/28/2021,57291.5,54758,57392.3,53448.3,0.0461
11/27/2021,54765.9,53747.2,55280.3,53654.3,0.0193
11/26/2021,53730.9,58937.3,59151.1,53533.5,-0.0883
11/25/2021,58935.1,57167.1,59387.3,57029.8,0.0308
11/24/2021,57171.7,57559.4,57697.4,55910.6,-0.007
11/23/2021,57573.2,56304.8,57855.1,55542.5,0.0225
11/22/2021,56308.8,58719.7,59288.3,55656.8,-0.041
11/21/2021,58714.3,59724,60002.6,58528.3,-0.0168
11/20/2021,59717.6,58080.8,59854.6,57435.3,0.0281
11/19/2021,58083.4,56908.3,58335.9,55626.3,0.0198
11/18/2021,56955.3,60368.2,60936.9,56524.4,-0.0565
11/17/2021,60367.8,60074.2,60814.5,58531.9,0.0046
11/16/2021,60089.1,63605.1,63605.6,58655.9,-0.0552
11/15/2021,63597.9,65514.9,66311.2,63439.5,-0.0292
11/14/2021,65508.2,64397.2,65508.2,63608.3,0.0172
11/13/2021,64398.6,64133.3,64906,63381.4,0.0041
11/12/2021,64134.5,64782.6,65449.7,62309.7,-0.0104
11/11/2021,64806.7,64922.8,65583.3,64121.9,-0.0019
11/10/2021,64932.6,66942.6,68990.6,62951.3,-0.0295
11/9/2021,66904.4,67528.7,68493.3,66334.9,-0.0092
11/8/2021,67527.9,63276.4,67763.3,63276.4,0.0672
11/7/2021,63273.2,61483.8,63273.2,61347.2,0.0291
11/6/2021,61483.9,60973.2,61543.2,60093.6,0.0084
11/5/2021,60974.3,61411.5,62560.3,60742.4,-0.0071
11/4/2021,61412.6,62915.4,63077.6,60742.9,-0.0239
11/3/2021,62918.5,63223.5,63508.6,60883,-0.0048
11/2/2021,63221.7,60912.2,64256.4,60651.5,0.0379
11/1/2021,60915.3,61310.1,62430.1,59612.7,-0.0064
10/31/2021,61309.6,61842.2,62393.7,60005.7,-0.0086
10/30/2021,61840.1,62245,62338.5,60786,-0.0065
10/29/2021,62242.8,60579.9,62952.2,60322.2,0.0274
10/28/2021,60582.5,58437.2,62251.3,58128.1,0.0367
10/27/2021,58438.1,60312.5,61452.9,58112.6,-0.0311
10/26/2021,60310.8,63067.5,63275.1,59907.3,-0.0437
10/25/2021,63067,60864.3,63694.8,60655.8,0.0362
10/24/2021,60866.5,61308.2,61469.9,59523.7,-0.0073
10/23/2021,61312.5,60693.2,61728.7,59738.3,0.0103
10/22/2021,60690.3,62200.8,63699.7,60055.7,-0.0244
10/21/2021,62210.2,66004.6,66616.9,62092.1,-0.0571
10/20/2021,65979.1,64276.9,66967.1,63543.7,0.0265
10/19/2021,64278.5,62030.2,64454,61451,0.0358
10/18/2021,62056.3,61525.8,62623.6,60026.9,0.0086
10/17/2021,61527.5,60865.5,61651.4,59143.4,0.0109
10/16/2021,60861.1,61669.2,62329.2,60161.9,-0.0132
10/15/2021,61672.5,57348.2,62892.8,56874.8,0.0754
10/14/2021,57345.8,57370.4,58506.5,56866.8,-0.0006
10/13/2021,57380.1,56014.5,57697.4,54314.4,0.0244
10/12/2021,56015.9,57480.6,57635.7,54155.4,-0.0254
10/11/2021,57477.3,54686.9,57814.1,54457.8,0.051
10/10/2021,54687.7,54942.5,56432.2,54100.8,-0.0046
10/9/2021,54942.5,53924.1,55430.8,53711.7,0.0191
10/8/2021,53914.7,53785.5,55977.9,53659.3,0.0024
10/7/2021,53783.9,55325.2,55325.6,53476.4,-0.0278
10/6/2021,55323.2,51470,55676.1,50439.5,0.0749
10/5/2021,51469.3,49229.5,51872.4,49060.1,0.0455
10/4/2021,49227.3,48200.4,49481.7,46958.6,0.0213
10/3/2021,48200.1,47665.4,49165.2,47123,0.0112
10/2/2021,47666.9,48147.2,48306.9,47451.7,-0.01
10/1/2021,48146,43824.4,48435.2,43292.9,0.0986
9/30/2021,43823.3,41534.5,44101.2,41416.7,0.055
9/29/2021,41536.8,41023.1,42571.2,40815,0.0125
9/28/2021,41022.3,42169.9,42758.8,40906.4,-0.0273
9/27/2021,42172.6,43200.9,44293.2,42143.9,-0.0239
9/26/2021,43203.4,42685.8,43907.3,40786.6,0.0121
9/25/2021,42686.8,42818.7,42959.3,41714.5,-0.0031
9/24/2021,42819.9,44867.4,45112,40908.5,-0.0457
9/23/2021,44869.2,43550.7,44949.8,43090.1,0.0303
9/22/2021,43551.6,40660.8,43976.7,40585.7,0.0713
9/21/2021,40651.3,43012.3,43619.3,39646.8,-0.0518
9/20/2021,42870.6,47240.8,47323.9,42547.1,-0.0925
9/19/2021,47238.7,48299.9,48341.9,46866.6,-0.0221
9/18/2021,48306.7,47283.9,48761,47070.5,0.0217
9/17/2021,47282.8,47748.2,48155.9,46788.8,-0.0097
9/16/2021,47748,48132.3,48480.6,47040.3,-0.008
9/15/2021,48130.6,47070.8,48436.5,46743.9,0.0224
9/14/2021,47077.5,44950.2,47247.6,44718.7,0.0473
9/13/2021,44949.5,46060.8,46807.7,43463.2,-0.0242
9/12/2021,46062.3,45162.6,46386.4,44755.2,0.0199
9/11/2021,45161.9,44844.9,45975.6,44766.6,0.0071
9/10/2021,44842.8,46385.9,47021.6,44283.6,-0.0333
9/9/2021,46385.6,46057.6,47305.7,45609,0.007
9/8/2021,46061.4,46774.1,47316.9,44493.7,-0.0154
9/7/2021,46779.6,52674.2,52885.3,43072.4,-0.1119
9/6/2021,52672.1,51769.4,52726.2,51002.8,0.0175
9/5/2021,51768.6,49918.7,51878.2,49492.4,0.0371
9/4/2021,49918.4,49999.3,50534.6,49461.4,-0.0016
9/3/2021,49999,49269.5,51008.8,48377.3,0.0147
9/2/2021,49274.3,48817.8,50355.3,48612.9,0.0093
9/1/2021,48819.4,47129.2,49121,46533.1,0.0358
8/31/2021,47130.4,46989.1,48217,46709.3,0.0029
8/30/2021,46992.7,48777.1,48886,46876.9,-0.0366
8/29/2021,48777.4,48899.7,49621.7,47870.1,-0.0024
8/28/2021,48897.1,49062.8,49289.4,48428.5,-0.0034
8/27/2021,49064.3,46830.2,49142,46371.5,0.0477
8/26/2021,46831.6,48994.4,49347.8,46360.4,-0.0441
8/25/2021,48994.5,47707.4,49230.2,47163.3,0.0268
8/24/2021,47714.7,49532.5,49847.4,47623.6,-0.0368
8/23/2021,49539.7,49255.4,50498.8,49038.6,0.0058
8/22/2021,49254.5,48870.4,49480.3,48151,0.0077
8/21/2021,48875.8,49330,49719.1,48293.5,-0.0091
8/20/2021,49324,46756.7,49343.3,46646.8,0.0549
8/19/2021,46755.9,44725.9,47012.3,43986.7,0.0454
8/18/2021,44723.8,44691.1,46004.9,44230,0.0007
8/17/2021,44691.6,45907.5,47140.6,44441.3,-0.0284
8/16/2021,45996.3,46991.6,48002.4,45672.1,-0.0212
8/15/2021,46991.3,47082.6,47344.1,45564.1,-0.0019
8/14/2021,47081.5,47809.6,48090.9,46117.2,-0.0152
8/13/2021,47809.1,44404,47836,44242.4,0.0767
8/12/2021,44403.4,45562.3,46213.8,43814.7,-0.0255
8/11/2021,45564.3,45593.2,46736.5,45367.9,-0.0006
8/10/2021,45593.8,46281.8,46663.4,44681.2,-0.0149
8/9/2021,46284.3,43794.9,46460.7,42824.1,0.0569
8/8/2021,43792.8,44584.9,45284.1,43314.4,-0.0184
8/7/2021,44614.2,42784.7,44697.3,42611,0.0425
8/6/2021,42795.4,40868.4,43253.4,39905.4,0.0472
8/5/2021,40867.2,39734.4,41366.3,37365.4,0.0284
8/4/2021,39736.9,38188.4,39956.5,37556,0.0421
8/3/2021,38130.3,39167.4,39766.6,37688.2,-0.0265
8/2/2021,39168.4,39869.8,40449,38692.5,-0.0178
8/1/2021,39878.3,41510,42565,39556.5,-0.0403
7/31/2021,41553.7,42201.4,42285.3,41066.4,-0.0154
7/30/2021,42203.4,40001.1,42264.4,38358.4,0.055
7/29/2021,40001.4,40009,40630.7,39340.8,0
7/28/2021,40003.2,39450.4,40862.2,38883.8,0.014
7/27/2021,39452,37294.3,39455.9,36427.4,0.0584
7/26/2021,37276.6,35392.3,40522.9,35236.7,0.0533
7/25/2021,35391.1,34392.5,35391.1,33881.3,0.0463
7/24/2021,33824.8,33600.5,33955,33412.9,0.0066
7/23/2021,33603.3,32297.9,33605.6,32041.1,0.0404
7/22/2021,32298.9,32131.7,32585.4,31729.4,0.0052
7/21/2021,32131.4,29794.7,32794.6,29519.3,0.0785
7/20/2021,29793.8,30835.4,31040.8,29310.2,-0.0338
7/19/2021,30837.2,31782.9,31887,30478.2,-0.0298
7/18/2021,31785.4,31517.9,32408.2,31220.6,0.0085
7/17/2021,31518.6,31384.4,31914.8,31207.8,0.004
7/16/2021,31394,31842.3,32239.8,31062.2,-0.014
7/15/2021,31840.5,32820.5,33157,31175.8,-0.0299
7/14/2021,32820.7,32727.8,33051.9,31611.2,0.0028
7/13/2021,32728.1,33106.1,33307.7,32259.5,-0.0116
7/12/2021,33113,34228.3,34598,32662.8,-0.0326
7/11/2021,34227.7,33510.8,34580.6,33319.8,0.0214
7/10/2021,33510.6,33797.7,34221,33056.8,-0.0085
7/9/2021,33797.4,32866.3,34079.2,32367,0.0283
7/8/2021,32866.3,33859.4,33923.2,32146.9,-0.0296
7/7/2021,33867.8,34228.7,35036.6,33801.3,-0.0105
7/6/2021,34225.6,33688.5,35062,33581.7,0.016
7/5/2021,33687.8,35297,35300.5,33164.1,-0.0456
7/4/2021,35298.2,34742.8,35957.6,34740.1,0.016
7/3/2021,34742.8,33814.2,34909.8,33363.3,0.0275
7/2/2021,33813.4,33542.2,33925.9,32734.6,0.008
7/1/2021,33543.6,35030.7,35032.7,32839.2,-0.0423
6/30/2021,35026.9,35832.6,36089.5,34126.6,-0.0225
6/29/2021,35834.7,34477.3,36590.3,34247.6,0.0394
6/28/2021,34475.9,34682.2,35231.2,33944.9,-0.0058
6/27/2021,34678.5,32247.1,34685.5,32041.7,0.0755
6/26/2021,32243.4,31592.1,32643,30206.9,0.0206
6/25/2021,31594,34660.5,35490.9,31337.9,-0.0886
6/24/2021,34665.8,33678.1,35249.9,32356.7,0.0294
6/23/2021,33674.3,32498.3,34784.3,31736.5,0.0362
6/22/2021,32496.4,31682.7,33272.5,28901.8,0.0254
6/21/2021,31692,35597.9,35708.4,31284.1,-0.1097
6/20/2021,35595.8,35510.9,36097.9,33378,0.0023
6/19/2021,35513.4,35770,36357.3,34845.5,-0.0066
6/18/2021,35749.4,38045.5,38166,35198.5,-0.0605
6/17/2021,38052,38337.8,39529.9,37425.3,-0.0074
6/16/2021,38336,40148.1,40494.4,38156.4,-0.0453
6/15/2021,40156.1,40522.5,41318,39589.9,-0.0092
6/14/2021,40529.4,39024.1,40970.4,38769.9,0.0386
6/13/2021,39022.9,35467.5,39321.6,34827,0.1002
6/12/2021,35467.5,37334.4,37437.3,34703.3,-0.0495
6/11/2021,37314.6,36654.3,37641.1,36003.3,0.0181
6/10/2021,36649.4,37375.2,38340.8,35824,-0.0183
6/9/2021,37332.2,33385.5,37517.6,32428.6,0.1183
6/8/2021,33382.9,33574.6,34047.8,31158.1,-0.0058
6/7/2021,33578,35815.4,36754.6,33410.1,-0.0625
6/6/2021,35815.4,35518.7,36434,35265.3,0.0083
6/5/2021,35520,36841.2,37887.6,34832,-0.0361
6/4/2021,36851.3,39191.4,39255.4,35659.9,-0.0596
6/3/2021,39187.3,37555.7,39462.3,37193.6,0.0434
6/2/2021,37555.8,36687.7,38199.9,35981.1,0.0237
6/1/2021,36687.6,37294.3,37850.3,35742.7,-0.0164
5/31/2021,37298.6,35644,37480.7,34213.2,0.0462
5/30/2021,35652.8,34589.3,36388.6,33441,0.0309
5/29/2021,34584.6,35664.5,37227.1,33664.2,-0.0302
5/28/2021,35662.5,38543.2,38844.1,34772.4,-0.0717
5/27/2021,38417.3,39249,40322.2,37190.8,-0.0212
5/26/2021,39249.2,38375.7,40750,37847,0.0227
5/25/2021,38378.3,38753.6,39740.8,36540.7,-0.0096
5/24/2021,38750.6,34720.3,39851.7,34474.6,0.1174
5/23/2021,34679.7,37446.8,38248.7,31192.4,-0.0739
5/22/2021,37448.3,37291,38776,35314.9,0.004
5/21/2021,37297.4,40611.2,42108.3,33592.3,-0.084
5/20/2021,40717.2,36706.8,42425.9,35010.4,0.1088
5/19/2021,36720.5,42898.3,43516.6,30261.7,-0.144
5/18/2021,42897.3,43538.5,45770.9,42293.9,-0.0148
5/17/2021,43541.3,46424.2,46545.4,42201.5,-0.0621
5/16/2021,46426.4,46729.3,49764.3,43920.8,-0.006
5/15/2021,46708.8,49839.1,50640.9,46650.2,-0.0628
5/14/2021,49839.8,49704.9,51459.2,48874,0.0027
5/13/2021,49704.6,49398.2,51337.3,46331.1,0.0065
5/12/2021,49384.2,56694.5,57938.5,49187,-0.129
5/11/2021,56695.7,55846.1,56871.1,54550.4,0.0152
5/10/2021,55848.9,58251.2,59523.9,53678.3,-0.041
5/9/2021,58238.3,58840.6,59227,56414.4,-0.0102
5/8/2021,58840.1,57330.3,59471.1,56972.2,0.0262
5/7/2021,57337.2,56411.4,58639.3,55300.1,0.0165
5/6/2021,56405.4,57441,58364.9,55294.5,-0.018
5/5/2021,57441.3,53872.5,57936.4,53872.5,0.0688
5/4/2021,53741.5,57170.6,57201.3,53741.5,-0.06
5/3/2021,57169.8,56605.8,58925.1,56562.4,0.01
5/2/2021,56603.8,57807.2,57868.4,56110.5,-0.0208
5/1/2021,57807.1,57719.1,58449.4,57029.5,0.0015
4/30/2021,57720.3,53562.3,57925.6,53088.7,0.0777
4/29/2021,53560.8,54838.6,55173.7,52400,-0.0234
4/28/2021,54841.4,55036,56419.9,53876.4,-0.0035
4/27/2021,55036.5,54011.1,55427.8,53345,0.0188
4/26/2021,54020.5,48963.5,54320.9,48815.9,0.1033
4/25/2021,48963.6,50088.2,50532.4,47098.5,-0.0225
4/24/2021,50088.9,51140.8,51183,48775.2,-0.0206
4/23/2021,51143.6,51707.1,52099.9,47659.4,-0.0113
4/22/2021,51729.5,53821.3,55408.4,50590.9,-0.0388
4/21/2021,53820.2,56479.5,56764.4,53657.6,-0.0471
4/20/2021,56483.2,55645.1,57054.9,53422.5,0.015
4/19/2021,55646.1,56208.1,57517,54272.3,-0.01
4/18/2021,56207.1,60043.2,60362.1,51817.6,-0.0639
4/17/2021,60041.9,61358.3,62509.1,59672.1,-0.0218
4/16/2021,61379.7,63211.6,63518.5,60027.3,-0.029
4/15/2021,63216,62978.6,63729.1,62067.5,0.0037
4/14/2021,62980.4,63544.2,64778,61366.3,-0.0088
4/13/2021,63540.9,59863.6,63659,59839.4,0.0614
4/12/2021,59863.8,59982.1,61259.9,59569.2,-0.0019
4/11/2021,59978.7,59772.4,60667.1,59250.3,0.0039
4/10/2021,59748.4,58127.4,61229,57900,0.028
4/9/2021,58118.7,58076.8,58890.9,57686,0.0007
4/8/2021,58077.4,55948,58136.7,55721.6,0.038
4/7/2021,55948.7,57996.3,58627.7,55489.3,-0.0353
4/6/2021,57996.3,59169,59487,57403.3,-0.0169
4/5/2021,58993.4,58202.3,59205.1,56842.7,0.0136
4/4/2021,58199.9,57059.7,58464.8,56470.6,0.02
4/3/2021,57059.9,58976.8,59770.5,56906.7,-0.0325
4/2/2021,58977.3,58718.2,60134.9,58466.5,0.0044
4/1/2021,58718.3,58763.2,59406.5,58040.7,-0.0008
3/31/2021,58763.7,58771.4,59795.6,56991.6,-0.0001
3/30/2021,58771.3,57614.6,59366.9,57077.1,0.02
3/29/2021,57616.2,55764.7,58392.6,54951.1,0.0332
3/28/2021,55765.2,55856.9,56504.2,54711.3,-0.0017
3/27/2021,55862.9,55033.8,56531.1,54010.2,0.015
3/26/2021,55036.1,51317.4,55074.1,51302,0.0724
3/25/2021,51322.3,52330,53175.4,50441.3,-0.0192
3/24/2021,52325.4,54309.1,57169.4,51725.4,-0.0391
3/23/2021,54452.5,54117.5,55813.8,52992.3,0.0054
3/22/2021,54158.3,57379.3,58379.9,53784.2,-0.0562
3/21/2021,57383.8,58097.4,58583.8,55583.3,-0.0122
3/20/2021,58093.4,58084.1,59882.1,57863,0.0001
3/19/2021,58088,57645,59448.3,56305.1,0.0075
3/18/2021,57656,58911.8,60088,57099.6,-0.0213
3/17/2021,58913.5,56892.9,58933.2,54253.2,0.0356
3/16/2021,56889.7,55619.5,56889.7,53342.6,0.0197
3/15/2021,55791.3,59117.4,60565.9,55088.8,-0.0562
3/14/2021,59113.7,61192.7,61673.7,59113.7,-0.034
3/13/2021,61195.3,57267.4,61795.8,56118.8,0.0686
3/12/2021,57265.1,57806.2,58052.3,55134.5,-0.0092
3/11/2021,57799.5,55851.2,58135,54351.8,0.0349
3/10/2021,55851.9,54882.7,57328.7,53073.6,0.0177
3/9/2021,54879,52352.4,54880.6,51941.3,0.0491
3/8/2021,52311,50988.9,52384.9,49338.1,0.0261
3/7/2021,50982.3,48899,51434.1,48890.6,0.0435
3/6/2021,48855.6,48798.7,49191.8,47132.8,0.0013
3/5/2021,48792.5,48363.6,49429.4,46370.1,0.0075
3/4/2021,48428,50388,51757.7,47521.8,-0.039
3/3/2021,50395.1,48422.2,52567.9,48159.2,0.0407
3/2/2021,48424.2,49595.6,50191.9,47100.6,-0.0236
3/1/2021,49595.5,45160.5,49774,45008.8,0.0981
2/28/2021,45164,46136,46582,43100.6,-0.0211
2/27/2021,46136.7,46333.1,48335.1,45059.4,-0.0045
2/26/2021,46345.6,46928.5,48413.9,44248.2,-0.0124
2/25/2021,46928.5,49695.9,52013.8,46773.7,-0.0557
2/24/2021,49697.5,48911.1,51311.8,47031.7,0.0161
2/23/2021,48911.2,54114.1,54115,45093.8,-0.0961
2/22/2021,54111.8,57437.6,57480.8,48353.8,-0.0578
2/21/2021,57433.8,55907.6,58335.1,55502.7,0.027
2/20/2021,55923.7,55922,57523.8,54124.1,0.0003
2/19/2021,55906.6,51590.1,56238.5,50816.8,0.0838
2/18/2021,51582.2,52094.5,52524,50941.6,-0.0095
2/17/2021,52079.2,49161.3,52577.7,49018.1,0.0592
2/16/2021,49169.7,47934.2,50515.8,47044.4,0.0257
2/15/2021,47936.3,48611.1,48936.5,45786.1,-0.0145
2/14/2021,48643.4,47172.1,49695.1,47051.9,0.0313
2/13/2021,47168.7,47373.1,48097.3,46270.5,-0.0043
2/12/2021,47371.7,47995,48927.4,46218.6,-0.0129
2/11/2021,47990.7,44834.8,48622.1,44041.1,0.0704
2/10/2021,44836,46507.8,47295.3,43800.5,-0.036
2/9/2021,46508.6,46396.4,48143.5,45104.7,0.0024
2/8/2021,46395.7,38853.6,46596.4,38057,0.1941
2/7/2021,38852.9,39228.9,39691.7,37381.6,-0.0103
2/6/2021,39256.6,38300.6,40939.7,38275.3,0.025
2/5/2021,38297.6,36976.4,38303.6,36640,0.0356
2/4/2021,36982.1,37648.9,38707.9,36380.8,-0.0177
2/3/2021,37646.8,35486.9,37646.8,35401.5,0.0609
2/2/2021,35485.2,33514,35976.1,33462.4,0.0588
2/1/2021,33515.7,33106.8,34685.6,32324.9,0.0123
1/31/2021,33108.1,34281.6,34348.3,32189.9,-0.0343
1/30/2021,34283.1,34300,34920.9,32908.5,-0.0005
1/29/2021,34301.8,33381.7,38546,31953.3,0.0278
1/28/2021,33374.8,30408.9,33790.8,29911.9,0.0977
1/27/2021,30404,32499.6,32545.4,29290.4,-0.0646
1/26/2021,32502.1,32244.1,32917.7,30850,0.0077
1/25/2021,32252.3,32244.3,34854.3,31967.4,0.0003
1/24/2021,32241.3,32088.5,33034.8,30982.9,0.0047
1/23/2021,32088.9,32994.1,33441.4,31418.2,-0.0276
1/22/2021,33000.5,30838.7,33821.2,28871.2,0.07
1/21/2021,30842.1,35472.3,35591.1,30101.8,-0.1306
1/20/2021,35476.3,35862.1,36384.4,33444.5,-0.0146
1/19/2021,36002.9,36630.6,37821,36001.4,-0.0167
1/18/2021,36613.2,35838.2,37436.8,34801,0.0216
1/17/2021,35839.6,36020.1,36801.3,33883.5,-0.005
1/16/2021,36019.5,36751.8,37931.7,35408.4,-0.0224
1/15/2021,36845.8,39175.7,39715,34488.7,-0.0595
1/14/2021,39175.7,37383.4,40054.3,36772.1,0.048
1/13/2021,37382.2,34061.2,37764.6,32451.9,0.097
1/12/2021,34076.1,35426,36598.7,32572.7,-0.0413
1/11/2021,35544.3,38195.3,38217.2,30411.6,-0.0693
1/10/2021,38192.2,40149.7,41362.4,35141.6,-0.0488
1/9/2021,40151.9,40607.2,41363.5,38775.1,-0.011
1/8/2021,40599.3,39466.4,41921.7,36613.4,0.0289
1/7/2021,39460.2,36798.5,40340.9,36361.2,0.0725
1/6/2021,36793.2,33999.3,36934.8,33408.3,0.0824
1/5/2021,33991.5,32015.4,34414.7,30010.5,0.0615
1/4/2021,32022.6,33016.6,33587.5,28204.5,-0.0284
1/3/2021,32958.9,32192.9,34755.9,32029.6,0.0238
1/2/2021,32193.3,29359.7,33233.5,29008,0.0965
1/1/2021,29359.9,28951.7,29627.1,28712.4,0.0142
12/31/2020,28949.4,28866.8,29298.8,28025,0.0028
12/30/2020,28868.7,27374.5,28979.3,27374.5,0.0545
12/29/2020,27376,27065.3,27390.7,25902.8,0.0118
12/28/2020,27057.8,26259.2,27444.9,26144.3,0.0303
12/27/2020,26261.3,26460.3,28360.3,25858.2,-0.0073
12/26/2020,26454.4,24714.7,26826,24515.1,0.0715
12/25/2020,24689.6,23728.7,24778.9,23445.3,0.0402
12/24/2020,23736.5,23253.2,23783.7,22737.3,0.0206
12/23/2020,23257.9,23820.8,24063.7,22694.7,-0.0237
12/22/2020,23823.2,22730.4,23825.4,22388.6,0.0482
12/21/2020,22728.5,23474.1,24101.9,22015.5,-0.0318
12/20/2020,23474.9,23843.6,24280.9,23098.9,-0.0155
12/19/2020,23844,23127.6,24107.1,22797,0.031
12/18/2020,23127.9,22823.3,23272.8,22361.5,0.0133
12/17/2020,22825.4,21352.3,23738,21243.1,0.069
12/16/2020,21352.2,19434.7,21525.3,19299.7,0.0987
12/15/2020,19434.9,19273.9,19556.3,19076.2,0.0084
12/14/2020,19273.8,19176.4,19346.5,19007,0.0051
12/13/2020,19176.8,18808.1,19403.6,18716.8,0.0196
12/12/2020,18808.9,18026.7,18936.2,18025.1,0.0436
12/11/2020,18023.6,18250.5,18288.3,17600.1,-0.0123
12/10/2020,18247.2,18546.1,18551.8,17926.8,-0.0161
12/9/2020,18546,18322.4,18637.9,17658.8,0.012
12/8/2020,18326.6,19170.8,19288.6,18229.2,-0.044
12/7/2020,19170.7,19368.4,19424.6,18908.8,-0.0108
12/6/2020,19379.9,19146,19417.1,18873,0.0122
12/5/2020,19146.5,18657.5,19172.7,18507.1,0.0262
12/4/2020,18658.1,19431.1,19529.5,18610.8,-0.0399
12/3/2020,19433.3,19219.8,19596.6,18883.7,0.0112
12/2/2020,19218.8,18767.9,19335.5,18346.7,0.0239
12/1/2020,18770.7,19697.8,19897.4,18257,-0.0471
11/30/2020,19698.1,18186,19831.2,18186,0.0832
11/29/2020,18185.5,17729.7,18336.3,17530.4,0.0257
11/28/2020,17730.7,17142.6,17874.4,16874.4,0.0352
11/27/2020,17127.1,17160.9,17450.3,16481.6,-0.002
11/26/2020,17162,18721.9,18894.9,16235.2,-0.0834
11/25/2020,18723,19151.5,19486.7,18527.7,-0.0224
11/24/2020,19152.6,18394.6,19416.6,18074.8,0.0421
11/23/2020,18379.6,18428.1,18756.8,18016,-0.0018
11/22/2020,18412.9,18689.3,18751.5,17644.6,-0.0147
11/21/2020,18687.2,18673.8,18966,18397.5,0.0006
11/20/2020,18675.2,17805.5,18811,17758.4,0.049
11/19/2020,17803.5,17775.1,18166,17380.1,0.0016
11/18/2020,17774.6,17662.3,18466.1,17258.9,0.0064
11/17/2020,17662.3,16715.8,17845.4,16562,0.0566
11/16/2020,16715.8,15954.1,16880.7,15870.7,0.0478
11/15/2020,15953,16074.7,16158.1,15782.3,-0.0073
11/14/2020,16071,16323.1,16328.2,15717.7,-0.0155
11/13/2020,16324.2,16293,16474.1,15973.4,0.0018
11/12/2020,16294.7,15695.8,16342.7,15483.5,0.0382
11/11/2020,15695.8,15303.1,15953.9,15281,0.0256
11/10/2020,15303.6,15328,15465.3,15096.5,-0.0015
11/9/2020,15327.2,15483.3,15819.6,14816.9,-0.0101
11/8/2020,15483.7,14826.6,15648.3,14720.7,0.0442
11/7/2020,14828.4,15578.2,15754.4,14385.1,-0.0481
11/6/2020,15577.9,15593.9,15955.2,15223.5,-0.0006
11/5/2020,15587.1,14145.6,15739.9,14099.7,0.1019
11/4/2020,14145.6,14023,14238.8,13544.4,0.009
11/3/2020,14019.9,13560.5,14054,13294.6,0.0338
11/2/2020,13561.4,13759.7,13828.4,13214.2,-0.0144
11/1/2020,13759.4,13795.5,13889.5,13628.7,-0.0027
10/31/2020,13797.3,13560.2,14065.4,13441.7,0.0175
10/30/2020,13559.9,13457,13667.9,13134.5,0.0076
10/29/2020,13457.2,13278.3,13640,12982.9,0.0134
10/28/2020,13278.9,13658.3,13851.7,12907.6,-0.0277
10/27/2020,13657.8,13061.5,13782.3,13050.3,0.0456
10/26/2020,13061.6,13033,13229.7,12792.4,0.0023
10/25/2020,13032.2,13117,13345.3,12900.4,-0.0065
10/24/2020,13117.2,12933.6,13161.5,12876.4,0.0142
10/23/2020,12934.1,12972.7,13025.5,12738.9,-0.0031
10/22/2020,12974.6,12805.5,13183.9,12698.2,0.013
10/21/2020,12808.7,11913.6,13213.5,11894.6,0.0751
10/20/2020,11913.5,11753.9,12029.4,11685.7,0.0136
10/19/2020,11753.4,11507.1,11823.3,11413.9,0.0214
10/18/2020,11506.9,11362.1,11506.9,11349.8,0.0127
10/17/2020,11362.1,11321.8,11402.7,11274.4,0.0035
10/16/2020,11322,11503.2,11542.2,11224.6,-0.0157
10/15/2020,11503,11421.4,11590.9,11276.7,0.0072
10/14/2020,11420.4,11424.4,11541,11293.5,-0.0003
10/13/2020,11423.8,11533.5,11558,11315.9,-0.0095
10/12/2020,11533.9,11370.8,11715.9,11227.4,0.0143
10/11/2020,11371,11295.6,11439.4,11277.6,0.0064
10/10/2020,11298.4,11053.5,11475,11053.1,0.0221
10/9/2020,11054.2,10923.5,11103,10836.9,0.0119
10/8/2020,10924.1,10670.7,10948.6,10549.6,0.0237
10/7/2020,10670.9,10601,10680.1,10553.3,0.0064
10/6/2020,10602.6,10790.2,10800.3,10530.8,-0.0173
10/5/2020,10789.5,10672.5,10789.6,10623.4,0.0109
10/4/2020,10672.9,10544.4,10693.3,10520.8,0.0122
10/3/2020,10544.2,10572.2,10597.8,10501.2,-0.0027
10/2/2020,10572.3,10619.6,10662.9,10387.6,-0.0045
10/1/2020,10620.5,10776.6,10913.7,10462.7,-0.0144
9/30/2020,10776.1,10843.4,10847.7,10667.6,-0.006
9/29/2020,10840.9,10694.3,10858.4,10642.4,0.0138
9/28/2020,10693.2,10776.4,10946.6,10685.2,-0.0077
9/27/2020,10776.2,10727.9,10799.2,10602.7,0.0045
9/26/2020,10727.9,10688.9,10793.3,10650.2,0.0037
9/25/2020,10688.8,10739.9,10756,10558.9,-0.0047
9/24/2020,10739.4,10238.1,10787.8,10201,0.049
9/23/2020,10237.3,10531.5,10535.4,10146.6,-0.0279
9/22/2020,10531.5,10419.4,10570.7,10361.7,0.011
9/21/2020,10416.8,10919.9,10987.2,10328.5,-0.0462
9/20/2020,10921.5,11081.6,11081.6,10772.7,-0.0145
9/19/2020,11081.8,10933,11177.1,10890.7,0.0136
9/18/2020,10933,10941.3,11029.7,10818.7,-0.0008
9/17/2020,10941.3,10950.1,11039.3,10755.2,-0.0007
9/16/2020,10949.5,10785.2,11093.3,10669.2,0.0152
9/15/2020,10785.3,10675.2,10931.8,10627.8,0.0103
9/14/2020,10675.3,10332.7,10744.3,10264.5,0.0338
9/13/2020,10326,10441.7,10579.6,10219.4,-0.0111
9/12/2020,10441.9,10390.2,10476.8,10275.9,0.005
9/11/2020,10390.2,10339.8,10398.8,10212.6,0.0049
9/10/2020,10339.7,10224.3,10480.3,10219.2,0.0113
9/9/2020,10224.6,10126.8,10343.3,9984.6,0.0097
9/8/2020,10126.6,10376.9,10434.4,9877.1,-0.0241
9/7/2020,10376.9,10296.4,10400.9,9887,0.0078
9/6/2020,10296.4,10092.2,10337.7,10004.7,0.0202
9/5/2020,10092.2,10472.3,10558.7,9897.8,-0.0363
9/4/2020,10472.5,10168.7,10614.2,9960.3,0.0299
9/3/2020,10168.8,11413.2,11442.7,10009.5,-0.109
9/2/2020,11413.3,11914.4,11947.5,11244.9,-0.0421
9/1/2020,11914.9,11644.2,12045.9,11544.6,0.0232
8/31/2020,11644.2,11701.1,11760.2,11563.8,-0.0049
8/30/2020,11702,11468.1,11704.2,11462.6,0.0204
8/29/2020,11468.1,11527.8,11576.8,11433.5,-0.0051
8/28/2020,11527.4,11327.5,11539,11281.9,0.0177
8/27/2020,11327.4,11462.3,11580.3,11135.3,-0.0118
8/26/2020,11462.3,11324.9,11533.6,11254.6,0.0121
8/25/2020,11324.8,11752.9,11766.9,11131,-0.0365
8/24/2020,11753.5,11641.6,11824.6,11587.1,0.0096
8/23/2020,11641.6,11661.1,11705.4,11520.8,-0.0017
8/22/2020,11661.3,11529.2,11677,11382.1,0.0115
8/21/2020,11529.2,11856.9,11877.4,11495.6,-0.0276
8/20/2020,11856.9,11751,11881,11672.7,0.0091
8/19/2020,11750.2,11944.4,12013.2,11602.6,-0.0165
8/18/2020,11947.6,12283,12381.4,11842,-0.0273
8/17/2020,12282.6,11898.8,12444.1,11764,0.0322
8/16/2020,11899,11845.5,11922.5,11688.9,0.0045
8/15/2020,11845.3,11751.1,11964,11711.5,0.008
8/14/2020,11750.8,11771.1,11835.5,11651.5,-0.0017
8/13/2020,11770.9,11557.2,11772.9,11298.4,0.0185
8/12/2020,11557.2,11390.4,11605.4,11190.6,0.0146
8/11/2020,11390.4,11889.2,11931.8,11146.7,-0.0419
8/10/2020,11889.2,11681.1,12041.1,11546.9,0.0178
8/9/2020,11681.2,11764.4,11792.8,11527.5,-0.0071
8/8/2020,11764.3,11591.6,11805.5,11533.5,0.0149
8/7/2020,11592,11757.1,11901.8,11352.4,-0.014
8/6/2020,11757.1,11735,11898.4,11563,0.0019
8/5/2020,11735.1,11184.8,11771.5,11114.5,0.0492
8/4/2020,11184.7,11223.8,11407.8,11043,-0.0035
8/3/2020,11224.4,11066.9,11461.1,10981.6,0.0142
8/2/2020,11066.8,11802.6,12061.1,10730.7,-0.0624
8/1/2020,11803.1,11333.2,11847.7,11226.1,0.0414
7/31/2020,11333.4,11096.5,11434.8,10964.6,0.0214
7/30/2020,11096.2,11105.8,11164.4,10861.6,-0.0009
7/29/2020,11105.9,10908.4,11336.5,10771.8,0.0181
7/28/2020,10908.5,10961.1,11046.1,10873.6,-0.0104
7/27/2020,11022.8,9932.7,11367,9894.6,0.1098
7/26/2020,9932.5,9690,10086.6,9645.9,0.0235
7/25/2020,9704.1,9546.7,9729.3,9536.2,0.0165
7/24/2020,9546.4,9599.2,9626.2,9480.5,-0.0055
7/23/2020,9599.6,9513.6,9646.5,9451.1,0.009
7/22/2020,9513.7,9387.4,9523.1,9296,0.0135
7/21/2020,9387.3,9162.3,9426.9,9155.1,0.0246
7/20/2020,9162.4,9208.1,9218.4,9139.9,-0.005
7/19/2020,9208,9170.1,9224.8,9106.4,0.0041
7/18/2020,9170.2,9155.8,9198.8,9126.7,0.0016
7/17/2020,9155.8,9135.4,9181.9,9091.5,0.0022
7/16/2020,9135.3,9198.7,9224.2,9052,-0.0069
7/15/2020,9198.7,9253.6,9270.2,9168.7,-0.0059
7/14/2020,9253.4,9243.1,9274.8,9135.7,0.0011
7/13/2020,9243.6,9300.5,9329.6,9207.6,-0.0062
7/12/2020,9300.8,9234.2,9337.8,9170.4,0.0073
7/11/2020,9233.3,9285.8,9295.5,9184.2,-0.0056
7/10/2020,9285.1,9239,9309.8,9131.9,0.0053
7/9/2020,9235.7,9430.1,9434.5,9176,-0.0206
7/8/2020,9429.9,9256.3,9458.3,9233.1,0.0188
7/7/2020,9256,9338.8,9371.2,9209.3,-0.0089
7/6/2020,9339,9080.4,9363,9063.2,0.0284
7/5/2020,9081,9134.3,9149.6,8932.1,-0.0058
7/4/2020,9134.4,9067.1,9182.3,9049.6,0.0074
7/3/2020,9067.1,9085,9120.4,9050.9,-0.002
7/2/2020,9085.1,9229.9,9259.7,8962.1,-0.0157
7/1/2020,9229.9,9135.9,9289,9101.1,0.0103
6/30/2020,9135.4,9186,9199.8,9075.3,-0.0054
6/29/2020,9185.4,9122.8,9229.1,9033.6,0.0067
6/28/2020,9124,9008.4,9185.5,8950.2,0.0128
6/27/2020,9008.3,9160.5,9190.5,8865.3,-0.0166
6/26/2020,9160,9247.5,9296.5,9060.1,-0.0095
6/25/2020,9247.5,9300.8,9327.3,9022.6,-0.0059
6/24/2020,9302,9624.6,9667.4,9223,-0.0335
6/23/2020,9624.6,9683.9,9715.6,9581.8,-0.0061
6/22/2020,9683.7,9296.5,9751.9,9285.8,0.0417
6/21/2020,9296.4,9358.8,9411.2,9288.5,-0.0067
6/20/2020,9358.8,9314,9394.5,9199.8,0.0048
6/19/2020,9314,9390.3,9424,9249.6,-0.0079
6/18/2020,9388.1,9464.6,9480.4,9289.3,-0.0081
6/17/2020,9464.6,9523.6,9543.6,9258.2,-0.0062
6/16/2020,9523.5,9425.6,9577.1,9379.3,0.0104
6/15/2020,9425.4,9345.5,9489.7,8925.6,0.0086
6/14/2020,9345.3,9470.7,9474.7,9264.4,-0.0133
6/13/2020,9471.3,9466.5,9484.9,9369.9,0.0005
6/12/2020,9466.6,9283.7,9547.5,9249.4,0.0197
6/11/2020,9283.2,9878.9,9945.2,9139.1,-0.0603
6/10/2020,9878.8,9768.8,9970.9,9710.7,0.0113
6/9/2020,9768.8,9777.7,9857.2,9616.6,-0.0009
6/8/2020,9777.9,9743.4,9788.2,9662.3,0.0036
6/7/2020,9742.6,9669.6,9791.8,9417.4,0.0076
6/6/2020,9669.6,9630.8,9733.1,9549.5,0.004
6/5/2020,9631.2,9794,9846.1,9628.7,-0.0167
6/4/2020,9794.4,9667.2,9864.4,9490.9,0.0132
6/3/2020,9667.2,9527,9667.2,9421.7,0.0147
6/2/2020,9527.6,10190.7,10207.3,9347.3,-0.0649
6/1/2020,10189.3,9454.5,10301.8,9429.7,0.0777
5/31/2020,9454.8,9692.9,9695.6,9406.2,-0.0245
5/30/2020,9692.5,9424.8,9729.9,9352.7,0.0284
5/29/2020,9424.8,9573.4,9596.5,9358.1,-0.0154
5/28/2020,9572.2,9199.8,9610.8,9119.2,0.0406
5/27/2020,9199.1,8842.3,9210.9,8818.6,0.0403
5/26/2020,8842.5,8897.7,8994.6,8713.9,-0.0063
5/25/2020,8898.2,8728,8959.5,8666.1,0.0195
5/24/2020,8728.2,9177.9,9292,8724.1,-0.0489
5/23/2020,9177,9169.8,9303.2,9098.9,0.0008
5/22/2020,9169.7,9058.2,9253.5,8952.1,0.0122
5/21/2020,9059,9511.6,9567.1,8833.6,-0.0476
5/20/2020,9512.3,9773,9829.3,9368.4,-0.0267
5/19/2020,9773.3,9730.8,9883.9,9498.7,0.0044
5/18/2020,9730.7,9678.4,9930.2,9524.4,0.0055
5/17/2020,9677.7,9376.6,9866,9327.8,0.0318
5/16/2020,9379.5,9318.1,9579,9233,0.0066
5/15/2020,9318,9778.6,9819.6,9223.2,-0.0471
5/14/2020,9778.4,9298.7,9887.5,9265.8,0.0516
5/13/2020,9298.7,8813.9,9384.6,8799.1,0.055
5/12/2020,8813.8,8569.8,8964.5,8542.8,0.0273
5/11/2020,8579.8,8737.6,9129.6,8235.6,-0.0182
5/10/2020,8738.8,9553.9,9569.4,8259.3,-0.0854
5/9/2020,9554.6,9806,9910.5,9533.6,-0.0257
5/8/2020,9806.2,9980.1,10018.2,9731.4,-0.0174
5/7/2020,9979.8,9152.7,10033,9064.8,0.0905
5/6/2020,9151.4,9000.6,9373.7,8923.6,0.0167
5/5/2020,9001,8874.2,9078.7,8800.4,0.0142
5/4/2020,8874.7,8885.5,8945.5,8553.2,-0.0012
5/3/2020,8885.5,8966.2,9169.9,8742.2,-0.009
5/2/2020,8966.3,8821.6,8986.2,8771.3,0.0164
5/1/2020,8821.6,8628.6,9040.3,8621,0.0223
4/30/2020,8629,8770.6,9437.5,8425.5,-0.0162
4/29/2020,8770.9,7746.7,8918.5,7729.7,0.1322
4/28/2020,7746.9,7766,7770.1,7655.3,-0.0025
4/27/2020,7766,7679.4,7768.5,7637.7,0.0113
4/26/2020,7678.9,7540.4,7679.4,7520.5,0.0184
4/25/2020,7540.4,7503.9,7684.6,7451,0.0049
4/24/2020,7503.8,7491.3,7583.5,7423.5,0.002
4/23/2020,7488.5,7112.8,7655.4,7036.5,0.0528
4/22/2020,7112.9,6842.5,7137.4,6821.8,0.0395
4/21/2020,6842.5,6833.4,6919.3,6774.3,0.0013
4/20/2020,6833.5,7122.9,7207.5,6771.2,-0.0406
4/19/2020,7122.9,7230.9,7238,7079.1,-0.0149
4/18/2020,7230.8,7035.9,7259.4,7031.5,0.0277
4/17/2020,7035.8,7085.5,7142.8,7005.8,-0.007
4/16/2020,7085.6,6629.1,7159.7,6520.5,0.0689
4/15/2020,6629.1,6851.3,6929.5,6615.9,-0.0324
4/14/2020,6850.9,6841.8,6970.8,6768.6,0.0014
4/13/2020,6841.3,6918.1,6920.3,6618.5,-0.011
4/12/2020,6917.6,6867.9,7158.8,6785.1,0.0073
4/11/2020,6867.8,6862.7,6931.4,6765.1,0.0007
4/10/2020,6863.1,7289,7294.4,6756.1,-0.0584
4/9/2020,7289,7361.1,7361.1,7140.3,-0.0098
4/8/2020,7361.2,7185.6,7396.1,7153.1,0.0245
4/7/2020,7185.2,7332.3,7440.3,7101.7,-0.0201
4/6/2020,7332.3,6772.8,7335,6770.1,0.0826
4/5/2020,6772.7,6857.5,6889.4,6686,-0.0123
4/4/2020,6857.4,6735.9,6958.6,6679.1,0.018
4/3/2020,6735.9,6799.9,7026.3,6623.6,-0.0095
4/2/2020,6800.5,6638.8,7182.7,6567.9,0.0244
4/1/2020,6638.5,6412.4,6661.3,6157.4,0.0352
3/31/2020,6412.5,6391.1,6513.1,6346.3,0.0034
3/30/2020,6391,5890.4,6576.5,5872.5,0.085
3/29/2020,5890.4,6233.2,6258.8,5889.3,-0.0551
3/28/2020,6233.7,6373.4,6374.3,6046.5,-0.0219
3/27/2020,6373.4,6725.5,6813.7,6322.3,-0.0523
3/26/2020,6725.1,6677.9,6772.9,6541.7,0.0069
3/25/2020,6678.9,6744.8,6930.2,6474.6,-0.0097
3/24/2020,6744.6,6468.8,6814.2,6380.8,0.0426
3/23/2020,6468.9,5822,6564.7,5710.8,0.1111
3/22/2020,5822.1,6186.9,6394.4,5771.2,-0.0589
3/21/2020,6186.2,6205.6,6438.3,5887,-0.0031
3/20/2020,6205.3,6171.6,6858.1,5748.2,0.0054
3/19/2020,6172,5359.2,6379.5,5256,0.1512
3/18/2020,5361.4,5260.7,5373.1,5020.9,0.0191
3/17/2020,5261.1,5030.2,5432.8,4946.5,0.0459
3/16/2020,5030,5366.4,5369.3,4477.7,-0.0627
3/15/2020,5366.3,5182.9,5863.3,5120.6,0.0354
3/14/2020,5182.7,5589.4,5634.9,5072.2,-0.0719
3/13/2020,5584.3,4815.2,5934.3,3869.5,0.1571
3/12/2020,4826,7935.2,7963.1,4546.6,-0.3918
3/11/2020,7935.1,7892.1,7976.5,7606,0.0056
3/10/2020,7891.2,7933,8145.5,7740.2,-0.0053
3/9/2020,7933,8035.8,8158.8,7648.7,-0.0126
3/8/2020,8034.1,8887.8,8888,8015.3,-0.0961
3/7/2020,8887.8,9134.2,9180.8,8848.7,-0.027
3/6/2020,9134.8,9060.6,9165.2,9004.9,0.0082
3/5/2020,9060.3,8757.9,9147.3,8751.5,0.0345
3/4/2020,8757.9,8761.3,8840.3,8679.7,-0.0004
3/3/2020,8761.4,8906.1,8911.7,8669.3,-0.0161
3/2/2020,8904.8,8537.5,8961.8,8503.1,0.0427
3/1/2020,8540,8543.8,8737.2,8437.2,-0.0004
2/29/2020,8543.7,8697.1,8793.7,8539.8,-0.0177
2/28/2020,8697.5,8820.1,8898.7,8451.9,-0.0137
2/27/2020,8818.6,8800.1,8968.3,8538.5,0.0021
2/26/2020,8800.3,9317.1,9368.1,8672,-0.0555
2/25/2020,9317.2,9662.6,9672.3,9269.8,-0.0357
2/24/2020,9662.7,9943.2,9981,9507,-0.0282
2/23/2020,9942.7,9655.6,9965.6,9653.4,0.0297
2/22/2020,9655.7,9684.5,9706.5,9569.8,-0.003
2/21/2020,9684.5,9602.2,9747.1,9574.5,0.0085
2/20/2020,9602.4,9611.9,9681.4,9448.9,-0.0007
2/19/2020,9609.4,10158.6,10230.9,9424.3,-0.054
2/18/2020,10158.4,9701.5,10230.1,9601.6,0.0471
2/17/2020,9701.4,9931.7,9951.5,9468.9,-0.0232
2/16/2020,9932.3,9907.4,10056.4,9654.9,0.0025
2/15/2020,9907.7,10336,10369.8,9831.7,-0.0412
2/14/2020,10333,10235.5,10372.4,10125.2,0.0096
2/13/2020,10235.1,10321.9,10482.6,10116.9,-0.008
2/12/2020,10317.7,10229.3,10435.6,10229.3,0.0086
2/11/2020,10229.5,9854,10314.1,9725.1,0.0381
2/10/2020,9854.1,10151.5,10181.7,9774.8,-0.0293
2/9/2020,10151.5,9895.4,10157.1,9882.7,0.0259
2/8/2020,9895.5,9817.3,9931.2,9673.2,0.0078
2/7/2020,9818.6,9771.9,9872.5,9738.7,0.0048
2/6/2020,9772,9611.8,9854.9,9536.1,0.0167
2/5/2020,9611.8,9194.1,9726.8,9179.9,0.0454
2/4/2020,9193.9,9296.5,9347.5,9193.9,-0.011
2/3/2020,9296.6,9334.6,9582.8,9243.1,-0.0041
2/2/2020,9334.9,9381.5,9465.4,9183.1,-0.005
2/1/2020,9381.6,9349.3,9458.8,9301.5,0.0035
1/31/2020,9349.1,9508.3,9525,9222.3,-0.0166
1/30/2020,9507.3,9299.1,9569,9209.2,0.0224
1/29/2020,9298.9,9377.3,9428.7,9250.9,-0.0084
1/28/2020,9377.3,8866.6,9389.5,8866.6,0.0576
1/27/2020,8866.6,8608.1,8983.1,8585.6,0.0301
1/26/2020,8607.8,8341.6,8607.8,8304.9,0.0319
1/25/2020,8341.6,8439.9,8447.6,8277.2,-0.0117
1/24/2020,8439.9,8404.9,8522,8242.6,0.0041
1/23/2020,8405.1,8678.5,8687.3,8309.6,-0.0315
1/22/2020,8678.5,8733,8805.4,8610.8,-0.0062
1/21/2020,8732.6,8642,8770.3,8524,0.0105
1/20/2020,8641.9,8705.7,8740.1,8539.2,-0.0074
1/19/2020,8706.2,8916.3,9183.7,8552.8,-0.0236
1/18/2020,8916.3,8913,8982.3,8814.6,0.0004
1/17/2020,8913.1,8726.7,9005.1,8675.9,0.0213
1/16/2020,8726.9,8818.1,8850,8605.8,-0.0104
1/15/2020,8818.3,8827.9,8904,8615.5,-0.0012
1/14/2020,8829.2,8111.2,8898.7,8111.2,0.0885
1/13/2020,8111.4,8188.3,8196.7,8068.4,-0.0093
1/12/2020,8187.6,8023.3,8189.9,7973.1,0.0204
1/11/2020,8024.1,8187.8,8262.9,8008.4,-0.0199
1/10/2020,8187.1,7842.5,8187.4,7697.7,0.044
1/9/2020,7842.4,8060,8065.9,7779.2,-0.027
1/8/2020,8059.6,8154.2,8436.4,7900.8,-0.0118
1/7/2020,8155.7,7759.1,8182,7754.1,0.0511
1/6/2020,7759.1,7372.6,7783.1,7366.7,0.0524
1/5/2020,7372.5,7376.8,7501,7345.6,-0.0006
1/4/2020,7376.8,7345.1,7433.1,7291.4,0.0046
1/3/2020,7343.1,6967.1,7402.9,6884.1,0.054
1/2/2020,6967,7199.7,7209.6,6901.4,-0.0323
1/1/2020,7199.8,7196.4,7259.4,7180,0.0005
12/31/2019,7196.4,7261.5,7331,7167.4,-0.009
12/30/2019,7261.8,7397.5,7420.9,7244.1,-0.0184
12/29/2019,7397.5,7321.6,7518.9,7303,0.0104
12/28/2019,7321.5,7261.9,7375.9,7256.5,0.0082
12/27/2019,7261.7,7210.8,7293.8,7128.5,0.007
12/26/2019,7210.9,7225,7414.3,7177.3,-0.0019
12/25/2019,7224.8,7268.3,7542.4,7150.9,-0.006
12/24/2019,7268.3,7322.4,7433.2,7185.7,-0.0074
12/23/2019,7322.8,7496.2,7684,7276.2,-0.0231
12/22/2019,7495.8,7156.3,7501.1,7142,0.0474
12/21/2019,7156.2,7196.4,7197.6,7129.6,-0.0056
12/20/2019,7196.4,7165.5,7218.4,7107.7,0.0043
12/19/2019,7165.5,7276.4,7354,7039.3,-0.0152
12/18/2019,7276,6613.5,7387.7,6462.2,0.1002
12/17/2019,6613.3,6903.5,6943.5,6575,-0.042
12/16/2019,6903.5,7128.5,7153.1,6864.6,-0.0316
12/15/2019,7128.5,7080.8,7175.8,7033.8,0.0067
12/14/2019,7080.8,7255.2,7267.4,7043.3,-0.024
12/13/2019,7255.2,7208.4,7288,7200.3,0.0065
12/12/2019,7208,7208,7272.4,7124.6,0
12/11/2019,7208,7235.8,7284.4,7168.8,-0.0038
12/10/2019,7235.7,7356.2,7400.3,7192.1,-0.0163
12/9/2019,7355.8,7524.8,7626,7321.6,-0.0224
12/8/2019,7524.4,7510.8,7576.4,7416.7,0.0018
12/7/2019,7510.9,7530.4,7595.7,7489.6,-0.0026
12/6/2019,7530.8,7399.2,7552.1,7329.8,0.0178
12/5/2019,7399.2,7204.6,7476.3,7184,0.027
12/4/2019,7204.4,7291.9,7702.2,7113.6,-0.012
12/3/2019,7291.8,7298.1,7389.4,7227.1,-0.0009
12/2/2019,7298.2,7395.9,7433.8,7173.6,-0.0133
12/1/2019,7396.4,7546.5,7546.5,7244.4,-0.0199
11/30/2019,7546.6,7742.7,7787.7,7472.7,-0.0253
11/29/2019,7742.7,7426.6,7825.3,7412.3,0.0426
11/28/2019,7426.7,7510.6,7639.5,7380.6,-0.0112
11/27/2019,7510.6,7162.8,7636.9,6875.4,0.0486
11/26/2019,7162.8,7115.5,7329.5,7045.1,0.0066
11/25/2019,7115.6,6924.7,7352.8,6534.8,0.0276
11/24/2019,6924.7,7325,7344.1,6894.9,-0.0545
11/23/2019,7324.1,7271.6,7342.5,7093.7,0.0071
11/22/2019,7272.5,7627.9,7700.9,6818.5,-0.0466
11/21/2019,7627.9,8099.4,8129.6,7519.7,-0.0582
11/20/2019,8099.3,8145.7,8223,8074.2,-0.0057
11/19/2019,8145.7,8207.7,8245.6,8032.8,-0.0076
11/18/2019,8208.4,8510.3,8516.3,8110.4,-0.0354
11/17/2019,8509.8,8497.4,8631.7,8413,0.0015
11/16/2019,8497.3,8476.2,8532.8,8450.7,0.0025
11/15/2019,8476.3,8660.8,8761.8,8437.1,-0.0213
11/14/2019,8661.2,8782.9,8799.8,8615.8,-0.0139
11/13/2019,8783.1,8813.2,8829.7,8721.1,-0.0033
11/12/2019,8812.6,8737.4,8841.2,8615.7,0.0087
11/11/2019,8736.9,9036.9,9066.4,8649.4,-0.0332
11/10/2019,9036.8,8804.7,9092.9,8763.5,0.0264
11/9/2019,8804.5,8778.1,8877.5,8746.9,0.003
11/8/2019,8778.2,9223.6,9254.8,8722.4,-0.0483
11/7/2019,9223.5,9339.2,9367,9130,-0.0124
11/6/2019,9338.9,9311.2,9424.6,9262.7,0.003
11/5/2019,9310.8,9396.1,9452.7,9193.9,-0.0091
11/4/2019,9396.4,9198.7,9500.4,9134.1,0.0215
11/3/2019,9198.3,9300.5,9359.1,9095,-0.011
11/2/2019,9300.6,9230.3,9356.7,9201.2,0.0076
11/1/2019,9230.1,9153.1,9270.4,9057.2,0.0085
10/31/2019,9152.6,9157.9,9378.9,8959.6,-0.0006
10/30/2019,9157.9,9411.3,9411.3,9018.4,-0.0269
10/29/2019,9411.3,9206.5,9531.3,9125.3,0.0222
10/28/2019,9207.2,9530.1,9866.9,9202.5,-0.0338
10/27/2019,9529.6,9230.6,9773.2,9081,0.0324
10/26/2019,9230.6,8658.4,10540,8061.8,0.0661
10/25/2019,8658.3,7422.8,8697.7,7404.9,0.1665
10/24/2019,7422.7,7476.8,7501.5,7366.3,-0.0073
10/23/2019,7477,8031,8055,7329.2,-0.069
10/22/2019,8031.4,8207.4,8289.1,8017.7,-0.0215
10/21/2019,8208.2,8224.1,8315.3,8155.7,-0.0018
10/20/2019,8223.4,7957.4,8288.5,7889.6,0.0334
10/19/2019,7957.3,7948.3,8060.2,7892.4,0.0011
10/18/2019,7948.5,8073.3,8116.4,7842,-0.0155
10/17/2019,8073.3,8000.4,8118.2,7944.4,0.0091
10/16/2019,8000.4,8167.1,8185.9,7929.8,-0.0204
10/15/2019,8167.2,8353.4,8400.2,8139.5,-0.0223
10/14/2019,8353.3,8281.3,8374.3,8222.2,0.0087
10/13/2019,8281.5,8304.3,8450.2,8190.6,-0.0028
10/12/2019,8304.4,8267.6,8394.8,8260.9,0.0044
10/11/2019,8267.8,8562.2,8751.1,8249.7,-0.0344
10/10/2019,8562.3,8566.8,8638.5,8438.7,-0.0005
10/9/2019,8566.7,8180.1,8655.9,8122.7,0.0469
10/8/2019,8182.9,8198.5,8323.1,8118.1,-0.0019
10/7/2019,8198.6,7882.6,8293.5,7797,0.0402
10/6/2019,7881.9,8127.3,8145.5,7834.9,-0.0302
10/5/2019,8127.3,8148,8185.1,8030.6,-0.0025
10/4/2019,8148.1,8227.6,8233.6,8041.4,-0.0096
10/3/2019,8226.9,8363.6,8391.7,8090.1,-0.0164
10/2/2019,8364.1,8302.7,8374,8167.7,0.0074
10/1/2019,8302.7,8285,8486.2,8187.9,0.0022
9/30/2019,8284.3,8048.9,8318.5,7749,0.0292
9/29/2019,8049.1,8208,8226.8,7922.1,-0.0194
9/28/2019,8208.5,8184.5,8297.2,8031.1,0.0029
9/27/2019,8184.9,8063.8,8257.4,7882.1,0.015
9/26/2019,8063.8,8432.5,8463.1,7773.6,-0.0437
9/25/2019,8432.4,8512.3,8729.8,8245.1,-0.0096
9/24/2019,8513.9,9702.7,9793.8,8069.4,-0.1225
9/23/2019,9702.2,10031.3,10048.8,9656.3,-0.0328
9/22/2019,10031.6,9993,10075,9870.9,0.0039
9/21/2019,9993,10172.8,10177.9,9939.8,-0.0177
9/20/2019,10172.7,10251.5,10279.5,10088.6,-0.0076
9/19/2019,10250.5,10164.6,10297.6,9707.6,0.0084
9/18/2019,10164.7,10195.7,10257.5,10119.3,-0.003
9/17/2019,10195.7,10254.6,10273.6,10153.5,-0.0058
9/16/2019,10255.5,10311.3,10360.5,10108.5,-0.0054
9/15/2019,10311.5,10337.3,10360.4,10272,-0.0025
9/14/2019,10337.3,10342.2,10421.4,10253.7,-0.0005
9/13/2019,10342.1,10415.2,10441.4,10174.1,-0.007
9/12/2019,10415.1,10162.4,10447.9,10051,0.0249
9/11/2019,10162.5,10104.9,10257.5,9908.9,0.0057
9/10/2019,10105.4,10308.7,10379.8,9970.7,-0.0198
9/9/2019,10309,10402.1,10478,10095.7,-0.009
9/8/2019,10402.8,10461.6,10578,10266.3,-0.0056
9/7/2019,10461.1,10306.9,10556.4,10302.3,0.0147
9/6/2019,10309.3,10566.7,10896.2,10227.4,-0.0244
9/5/2019,10566.9,10567.8,10630.7,10469.9,-0.0001
9/4/2019,10568.2,10611.6,10783.6,10388.6,-0.0042
9/3/2019,10612.3,10348.1,10756.8,10283.5,0.0255
9/2/2019,10348.8,9728.8,10431.5,9720.3,0.0637
9/1/2019,9729.3,9594.7,9799.5,9533.6,0.0141
8/31/2019,9594.4,9585.5,9677.5,9457.3,0.0009
8/30/2019,9585.4,9494.1,9675.7,9370.2,0.0099
8/29/2019,9491,9729.1,9729.1,9343,-0.0245
8/28/2019,9729.4,10184.7,10271.3,9629.6,-0.0447
8/27/2019,10184.8,10372.2,10387.6,10060.2,-0.018
8/26/2019,10371.8,10136,10568.2,10136,0.0232
8/25/2019,10136.3,10132.1,10307,9935.2,0.0005
8/24/2019,10131,10389.4,10415.9,9917.5,-0.0248
8/23/2019,10388.7,10104.9,10434.3,9921.4,0.0281
8/22/2019,10105,10141.1,10218.2,9777,-0.0036
8/21/2019,10141.5,10753.3,10797.8,9908,-0.0568
8/20/2019,10752.6,10911.2,10941.6,10581,-0.0145
8/19/2019,10910.7,10312.8,10923.9,10267.8,0.058
8/18/2019,10312.7,10219.3,10494.9,10086.7,0.0093
8/17/2019,10218.1,10335.5,10460.7,10016.3,-0.0114
8/16/2019,10335.6,10300.9,10734,9788.6,0.0031
8/15/2019,10303.4,10053.3,10448.2,9580.1,0.0253
8/14/2019,10049.4,10894.2,10894.5,9965.5,-0.0774
8/13/2019,10892.9,11395,11445.6,10793.2,-0.044
8/12/2019,11394.2,11505.1,11508.6,11267.3,-0.0107
8/11/2019,11517.2,11314.6,11728.4,11146.1,0.0179
8/10/2019,11314.5,12090.5,12185,11281.6,-0.0641
8/9/2019,12089.8,12190,12225.3,11885,-0.0084
8/8/2019,12191.6,12015.9,12236.6,11727,0.0148
8/7/2019,12013.9,11481,12114.5,11406.4,0.0464
8/6/2019,11480.9,11817.6,12291.9,11237,-0.0284
8/5/2019,11816.8,10934.8,11922.3,10934.8,0.0807
8/4/2019,10934.6,10816.1,11017.7,10568.8,0.011
8/3/2019,10815.7,10519.9,10893.6,10504.5,0.0281
8/2/2019,10520.1,10380.5,10664.8,10330.5,0.0135
8/1/2019,10380,10081.9,10459,9890.6,0.0296
7/31/2019,10082,9580.3,10100,9562.4,0.0523
7/30/2019,9580.7,9580,9703,9483,0
7/29/2019,9580.9,9728.5,9835.4,9502.5,-0.0151
7/28/2019,9727.8,9491.1,9798.5,9401.1,0.0248
7/27/2019,9492.1,9830.4,10232.3,9389.1,-0.0345
7/26/2019,9831,9945.2,10436.1,9724.2,-0.0115
7/25/2019,9945.3,9804.7,10203.5,9776.6,0.0144
7/24/2019,9804.3,9887.2,9945.3,9584,-0.0085
7/23/2019,9888.7,10412.8,10414.7,9865.4,-0.0503
7/22/2019,10412.5,10715.1,10806.3,10196.5,-0.0282
7/21/2019,10714.4,10827,10883.8,10442.5,-0.0104
7/20/2019,10826.7,10571.9,11155.6,10462,0.0241
7/19/2019,10571.5,10651.6,10758.4,10160.7,-0.0075
7/18/2019,10651.4,9723.1,10787.1,9390,0.0955
7/17/2019,9723.2,9425.1,9983.6,9082.6,0.0317
7/16/2019,9424.8,10844,11019.5,9375.3,-0.131
7/15/2019,10845.9,10199.9,11064.7,9885.4,0.0633
7/14/2019,10200.1,11364.3,11448.7,10128.9,-0.1025
7/13/2019,11364.9,11762.8,11798.4,10839.4,-0.0338
7/12/2019,11762.1,11343.7,11881.4,11109.8,0.037
7/11/2019,11342.3,12111.6,12111.6,11029,-0.0634
7/10/2019,12110.6,12542.8,13134.4,11594.9,-0.0344
7/9/2019,12541.5,12250.6,12772.9,12111.2,0.0236
7/8/2019,12252.6,11415.8,12332.3,11304.8,0.0733
7/7/2019,11415.9,11267.9,11524.6,11108.1,0.0131
7/6/2019,11268,10969.8,11650.2,10967.9,0.0271
7/5/2019,10970.2,11159.7,11381.8,10810.3,-0.0173
7/4/2019,11163.1,11899.3,11948,11087.1,-0.062
7/3/2019,11900.8,10835.9,11931.8,10835.9,0.0983
7/2/2019,10835.9,10615.5,10923.5,9728.5,0.0207
7/1/2019,10616.6,10821.4,11254.5,10041.6,-0.0187
6/30/2019,10818.6,11906,12179.3,10765.4,-0.0914
6/29/2019,11906.5,12408,12422.9,11490.8,-0.0405
6/28/2019,12409.1,11288.4,12461.8,10970.5,0.0993
6/27/2019,11287.8,13062.4,13422,10493.5,-0.1359
6/26/2019,13063.8,11811.6,13929.8,11747.3,0.1062
6/25/2019,11809.9,11046.6,11833.9,11033.7,0.0691
6/24/2019,11046.4,10897.3,11114.4,10622.6,0.0137
6/23/2019,10897.1,10721.5,11361.3,10557.8,0.0164
6/22/2019,10721.7,10178.1,11160.5,10031.3,0.0533
6/21/2019,10179.3,9517.7,10184.3,9517.4,0.0696
6/20/2019,9517,9255,9583.9,9188.4,0.0283
6/19/2019,9255.4,9080.7,9295.1,9044,0.0193
6/18/2019,9080.6,9318.9,9336.1,8962.7,-0.0256
6/17/2019,9318.8,8961,9438.1,8959.8,0.0398
6/16/2019,8962.5,8812.2,9332,8771.1,0.017
6/15/2019,8812.5,8655.8,8856.7,8582.3,0.0181
6/14/2019,8656.1,8218.6,8685.3,8153.2,0.0532
6/13/2019,8219,8132.4,8306.1,8028.6,0.0106
6/12/2019,8133.1,7888,8198.1,7805.8,0.0311
6/11/2019,7888,7987.8,8010.4,7714.5,-0.0125
6/10/2019,7987.8,7635,8012.8,7523.6,0.0462
6/9/2019,7635,7901.6,7937.5,7516.9,-0.0337
6/8/2019,7901.4,7985.3,8044.4,7770.5,-0.0105
6/7/2019,7985.2,7785.8,8099.4,7749.4,0.0257
6/6/2019,7784.9,7779.6,7861.4,7480.4,0.0008
6/5/2019,7779.1,7685.6,7885,7590.4,0.0122
6/4/2019,7685.5,8118.1,8118.1,7494,-0.0541
6/3/2019,8124.8,8728.6,8734.9,8102.7,-0.0692
6/2/2019,8728.6,8545.8,8807.7,8534.8,0.0214
6/1/2019,8545.7,8556.9,8615.8,8454,-0.0015
5/31/2019,8558.3,8271.4,8578.8,8135,0.0346
5/30/2019,8271.9,8647.8,9045.9,8054.7,-0.0435
5/29/2019,8647.8,8715.6,8747.2,8435.3,-0.0079
5/28/2019,8716.3,8759.4,8794.1,8568.8,-0.005
5/27/2019,8760.1,8628.9,8902.8,8607.3,0.0151
5/26/2019,8630.2,8029.6,8718.6,7866.5,0.0751
5/25/2019,8027.4,7971.4,8090.1,7919.1,0.0072
5/24/2019,7970.1,7852.8,8124.1,7775.4,0.015
5/23/2019,7852.1,7637.2,7939.1,7486.8,0.0283
5/22/2019,7635.7,7928.7,7999,7545.9,-0.0372
5/21/2019,7930.3,7965,8056.8,7813.2,-0.0044
5/20/2019,7965.3,8156.4,8156.4,7604,-0.0235
5/19/2019,8157.2,7261.9,8253.4,7252.3,0.1232
5/18/2019,7262.6,7359.9,7458.5,7189.4,-0.0132
5/17/2019,7359.5,7871.9,7924,6998.6,-0.0651
5/16/2019,7871.8,8164.8,8293.3,7720.4,-0.0359
5/15/2019,8164.6,7994.8,8225.3,7856.5,0.0213
5/14/2019,7994.6,7806.4,8323.9,7674,0.0242
5/13/2019,7806,6984.7,8058.3,6893.1,0.1176
5/12/2019,6984.8,7190,7518.9,6802.6,-0.0286
5/11/2019,7190.3,6386.6,7373.8,6386.5,0.1259
5/10/2019,6386,6194.3,6466.6,6157.8,0.0314
5/9/2019,6191.5,5990.5,6206,5990,0.0336
5/8/2019,5990.3,5849.4,6011.3,5799.1,0.0241
5/7/2019,5849.5,5745.5,6019.8,5745.5,0.0182
5/6/2019,5745.1,5775.1,5801.4,5630.5,-0.0052
5/5/2019,5774.9,5830.8,5838.2,5708.2,-0.0096
5/4/2019,5830.9,5768,5899.2,5605,0.0111
5/3/2019,5766.8,5493.6,5844.2,5478.7,0.0497
5/2/2019,5493.8,5384.6,5530.8,5370,0.0204
5/1/2019,5384.2,5321.1,5396.3,5319.5,0.0119
4/30/2019,5320.8,5235.4,5336.6,5195.9,0.0164
4/29/2019,5235,5302.4,5322.9,5188.9,-0.0127
4/28/2019,5302.3,5265.7,5332.5,5234.4,0.0069
4/27/2019,5265.9,5298.2,5318.1,5225.4,-0.0061
4/26/2019,5298.3,5209.2,5469.3,5159.3,0.0171
4/25/2019,5209.1,5415.6,5528.2,5137.4,-0.0381
4/24/2019,5415.6,5511.2,5589.6,5346.8,-0.0174
4/23/2019,5511.6,5346.5,5594.4,5291.4,0.0308
4/22/2019,5346.7,5248.2,5370.2,5170.2,0.0197
4/21/2019,5243.5,5290.2,5308.2,5189.8,-0.0088
4/20/2019,5290.2,5241,5327,5240.2,0.0094
4/19/2019,5241,5264.8,5282.4,5192.1,-0.0045
4/18/2019,5264.7,5208.3,5293.1,5205,0.0108
4/17/2019,5208.3,5182.1,5230.9,5165.5,0.0053
4/16/2019,5180.9,5031.4,5198.4,5014.4,0.0295
4/15/2019,5032.3,5135.1,5168,4964.2,-0.02
4/14/2019,5134.8,5052,5153.5,5010.7,0.0164
4/13/2019,5051.8,5054.2,5093.4,5011.6,-0.0005
4/12/2019,5054.2,5022.7,5080.5,4889.2,0.0063
4/11/2019,5022.6,5307.7,5337,4948,-0.0537
4/10/2019,5307.8,5158.4,5404.1,5142.9,0.0289
4/9/2019,5158.4,5245,5245.9,5095.2,-0.0165
4/8/2019,5245.2,5173.5,5300.6,5060.5,0.0138
4/7/2019,5173.6,5046.1,5219.5,5033.7,0.0253
4/6/2019,5046.2,5010,5198.4,4947.9,0.0072
4/5/2019,5010.2,4902.5,5029.4,4888.3,0.022
4/4/2019,4902.4,4968.7,5042.5,4789.2,-0.0133
4/3/2019,4968.7,4859.3,5278.4,4814,0.0225
4/2/2019,4859.3,4145.1,4899.6,4143.5,0.1723
4/1/2019,4145.1,4102.3,4159.1,4076.8,0.0104
3/31/2019,4102.3,4111.8,4121.9,4082.2,-0.0023
3/30/2019,4111.8,4103.7,4138.1,4057.1,0.0023
3/29/2019,4102.2,4025.7,4123.1,4022.6,0.019
3/28/2019,4025.6,4041.7,4041.7,4008.4,-0.004
3/27/2019,4041.7,3942.8,4043.3,3936.2,0.0251
3/26/2019,3942.8,3937.1,3950.7,3899.9,0.0015
3/25/2019,3937,3994.8,4000.5,3897.9,-0.0144
3/24/2019,3994.7,4002.6,4005.7,3967,-0.002
3/23/2019,4002.5,3990.4,4018.2,3980.8,0.003
3/22/2019,3990.4,3982.2,4005.7,3971.8,0.0021
3/21/2019,3982.2,4041.2,4064,3923.8,-0.0146
3/20/2019,4041.2,4017,4050,3985.3,0.006
3/19/2019,4017,3990.2,4029.9,3972.4,0.0067
3/18/2019,3990.2,3981.5,4032.3,3958.5,0.0022
3/17/2019,3981.5,4006.4,4009.8,3956.3,-0.0062
3/16/2019,4006.4,3924.4,4050.6,3923.7,0.0209
3/15/2019,3924.3,3879,3935.7,3874.8,0.0117
3/14/2019,3879,3865.1,3914.7,3828.4,0.0036
3/13/2019,3865.1,3885.9,3894.7,3847.4,-0.0054
3/12/2019,3886,3870.3,3900.1,3817.1,0.0041
3/11/2019,3870.3,3915.2,3935.5,3842.4,-0.0115
3/10/2019,3915.2,3944.4,3944.5,3889.2,-0.0074
3/9/2019,3944.3,3865.6,3964,3859.7,0.0203
3/8/2019,3865.9,3875.1,3929,3810.7,-0.0024
3/7/2019,3875.1,3863.1,3907.4,3847.9,0.0032
3/6/2019,3863,3857.2,3887.3,3816.7,0.0015
3/5/2019,3857.2,3715.9,3873.2,3705.7,0.038
3/4/2019,3715.9,3809.7,3828.4,3681.8,-0.0245
3/3/2019,3809.5,3823.2,3836.6,3789.7,-0.0036
3/2/2019,3823.1,3821.9,3843.2,3783.6,0.0003
3/1/2019,3821.9,3816.7,3855.8,3816.4,0.0014
2/28/2019,3816.6,3814.6,3883.7,3783.3,0.0005
2/27/2019,3814.6,3810.3,3836.4,3701.9,0.0011
2/26/2019,3810.3,3833.5,3845.5,3775,-0.0061
2/25/2019,3833.7,3755.7,3870.7,3753.8,0.0209
2/24/2019,3755.2,4120.5,4194.2,3738.7,-0.0886
2/23/2019,4120.4,3965.2,4152.6,3939.4,0.0391
2/22/2019,3965.2,3937.4,3983.1,3931.7,0.0073
2/21/2019,3936.6,3972,4011.5,3909.2,-0.009
2/20/2019,3972.4,3914.3,3983.6,3881.2,0.0148
2/19/2019,3914.3,3896.4,3993.8,3863.7,0.0047
2/18/2019,3896,3664.2,3903.7,3655.1,0.0633
2/17/2019,3664.2,3616.8,3689.9,3607.9,0.0131
2/16/2019,3616.8,3604.7,3641.9,3599.7,0.0034
2/15/2019,3604.7,3592.6,3648.3,3581.4,0.0034
2/14/2019,3592.6,3611.5,3624.5,3580.2,-0.0052
2/13/2019,3611.5,3632,3663.5,3599.2,-0.0056
2/12/2019,3632,3631.8,3656.4,3594.4,0.0001
2/11/2019,3631.8,3678.8,3681.1,3623.8,-0.0128
2/10/2019,3679,3661,3680.6,3617.1,0.0048
2/9/2019,3661.4,3661.6,3675.3,3633.2,-0.0001
2/8/2019,3661.7,3397.3,3721.1,3382.5,0.0777
2/7/2019,3397.7,3404.9,3421.8,3390.3,-0.002
2/6/2019,3404.3,3468.5,3478,3383.9,-0.0185
2/5/2019,3468.4,3463,3485.9,3450.3,0.0016
2/4/2019,3462.8,3459,3479.7,3437.1,0.0011
2/3/2019,3459.1,3502.3,3507.8,3431.3,-0.0124
2/2/2019,3502.5,3467.9,3514.5,3447.8,0.01
2/1/2019,3467.9,3437.7,3485.7,3415.3,0.009
1/31/2019,3437.2,3460,3484.7,3427,-0.0066
1/30/2019,3460,3414.6,3479,3394.2,0.0132
1/29/2019,3414.8,3442.8,3450.1,3368.2,-0.0081
1/28/2019,3442.8,3555.8,3561.2,3395.7,-0.0317
1/27/2019,3555.6,3570.9,3583.2,3509.2,-0.0043
1/26/2019,3570.9,3572,3652.5,3556.1,-0.0003
1/25/2019,3572,3574.3,3582.6,3542.2,-0.0006
1/24/2019,3574.3,3561.4,3587,3539.7,0.0036
1/23/2019,3561.5,3580.1,3608.3,3532.8,-0.0052
1/22/2019,3580.1,3536.9,3607.9,3465.2,0.0123
1/21/2019,3536.7,3542.7,3561.4,3505.4,-0.0016
1/20/2019,3542.3,3676.2,3699.1,3503.9,-0.0368
1/19/2019,3677.8,3605.8,3715.2,3604.1,0.02
1/18/2019,3605.6,3626.3,3627.9,3575.7,-0.0057
1/17/2019,3626.4,3588.1,3636.7,3554.8,0.0107
1/16/2019,3588,3570.6,3644.1,3561.4,0.0047
1/15/2019,3571.3,3637.5,3660.8,3545.7,-0.0184
1/14/2019,3638.1,3490.4,3672,3490.4,0.0424
1/13/2019,3490.2,3597.3,3617.6,3473.2,-0.0298
1/12/2019,3597.2,3616.6,3633.9,3561.3,-0.0053
1/11/2019,3616.5,3603.3,3655.7,3563.1,0.0035
1/10/2019,3603.7,3978.9,4007.7,3562.1,-0.0941
1/9/2019,3978,3971,4014.2,3957.5,0.0017
1/8/2019,3971,3985.8,4070.5,3943.1,-0.0037
1/7/2019,3985.9,4004.3,4028,3945.5,-0.0045
1/6/2019,4004.1,3785.7,4034.1,3758.5,0.0578
1/5/2019,3785.4,3802.8,3846.7,3769,-0.0046
1/4/2019,3802.7,3780.5,3823.9,3720,0.006
1/3/2019,3780.1,3874.1,3875.8,3753,-0.0242
1/2/2019,3873.8,3809.7,3894.8,3768.1,0.0169
1/1/2019,3809.4,3709.5,3814.3,3664.4,0.0269